231,640611/0000,38,2006-04-13,null,null
232,640708/6455,13,2021-02-18,null,null
233,640721/0000,1,2011-06-16,null,null
234,640911/0312,34,2009-07-02,null,null
235,641018/0000,39,2019-04-02,null,null
236,645427/0000,11,2008-12-24,null,null
237,645505/0000,2,2019-09-17,null,null
238,645708/0000,7,2012-07-22,null,null
239,646130/0000,32,2015-10-06,null,null
240,650112/0000,1,2018-12-30,null,null
241,650113/0000,31,2001-07-11,null,null
242,650114/2967,16,2011-04-05,null,null
243,650205/0000,28,2020-10-11,null,null
244,650329/0000,35,2011-12-21,null,null
245,650523/0000,3,2015-11-10,null,null
246,651012/0000,37,2011-01-28,null,null
247,651023/0000,9,2009-02-02,null,null
248,651106/0000,10,2000-10-28,null,null
249,655113/0000,29,2009-04-18,null,null
250,655401/6106,26,2005-01-20,null,null
251,655406/0000,19,2016-01-07,null,null
252,655831/6787,3,2016-05-25,null,null
253,660107/0000,18,2002-11-03,null,null
254,660125/0000,23,2016-01-02,null,null
255,660310/5031,38,2019-09-10,null,null
256,660708/0000,15,2019-07-15,null,null
257,660812/0000,4,2001-09-17,null,null
258,660818/0000,11,2010-05-04,null,null
259,660928/0000,22,2006-03-04,null,null
260,661206/0000,12,2020-10-25,null,null
261,661220/6139,22,2011-01-18,null,null
262,665413/0000,15,2012-08-01,null,null
263,665615/0000,40,2007-06-25,null,null
264,665723/0000,30,2018-03-21,null,null
265,666006/6908,26,2001-06-27,null,null
266,666124/0000,35,2013-05-11,null,null
267,666208/0000,23,2006-01-04,null,null
268,670124/1635,2,2000-01-08,null,null
269,670204/0000,12,2001-02-28,null,null
270,670208/0000,15,2014-12-04,null,null
271,670213/0000,38,2010-10-04,null,null
272,670328/0000,26,2022-01-08,null,null
273,670506/0000,14,2015-07-19,null,null
274,670513/5332,3,2009-04-30,null,null
275,670517/0000,35,2009-10-15,null,null
276,670523/0000,14,2007-05-01,null,null
277,670725/0000,14,2009-03-18,null,null
278,670816/0000,20,2010-11-20,null,null
279,675328/0001,2,2004-03-18,null,null
280,675401/0000,20,2003-03-18,null,null
281,675608/0000,27,2013-12-02,null,null
282,675623/7004,25,2008-07-24,null,null
283,675909/0000,13,2016-04-29,null,null
284,680129/0000,5,2010-05-11,null,null
285,680201/0000,5,2009-01-09,null,null
286,680226/6548,9,2017-04-24,null,null
287,680227/0001,13,2005-05-26,null,null
288,680309/0000,34,2018-02-20,null,null
289,680323/0000,30,2001-07-20,null,null
290,680326/0000,32,2014-04-05,null,null
291,680331/0000,33,2001-01-04,null,null
292,680405/0000,28,2009-12-31,null,null
293,680408/0000,5,2008-02-22,null,null
294,680412/0000,6,2019-04-26,null,null
295,680504/1353,27,2020-03-13,null,null
296,680509/6826,22,2000-12-16,null,null
297,680616/0000,24,2000-02-28,null,null
298,680728/0000,13,2019-11-29,null,null
299,680812/6171,24,2005-07-02,null,null
300,680816/0000,7,2010-10-05,null,null
301,680830/6219,29,2010-03-06,null,null
302,680915/0000,35,2005-12-13,null,null
303,680918/0000,14,2009-04-07,null,null
304,680920/0000,6,2018-05-18,null,null
305,681003/0000,10,2000-06-08,null,null
306,681013/0000,2,2007-05-21,null,null
307,681109/6611,38,2003-04-03,null,null
308,681115/1699,27,2001-12-15,null,null
309,681129/6228,20,2006-06-23,null,null
310,681228/1190,9,2019-04-12,null,null
311,685606/0000,15,2015-08-27,null,null
312,685801/0000,4,2014-10-01,null,null
313,685805/6293,35,2019-12-07,null,null
314,685912/9440,40,2001-09-08,null,null
315,686122/0000,7,2006-07-24,null,null
316,686225/0000,29,2017-07-21,null,null
317,690102/0000,25,2004-02-11,null,null
318,690119/0000,16,2003-09-02,null,null
319,690130/8502,21,2002-08-22,null,null
320,690313/7527,5,2018-07-19,null,null
321,690418/4397,7,2014-05-19,null,null
322,690510/6087,31,2007-12-27,null,null
323,690514/0000,13,2007-07-10,null,null
324,690626/0000,21,2019-03-26,null,null
325,690722/7129,18,2021-05-31,null,null
326,690809/0000,2,2004-10-17,null,null
327,690829/0000,19,2007-02-24,null,null
328,690913/0000,5,2005-02-13,null,null
329,690919/7900,22,2008-05-28,null,null
330,691006/5525,25,2022-03-10,null,null
331,691129/5545,27,2012-04-01,null,null
332,691216/5601,38,2001-04-30,null,null
333,691221/8181,3,2002-10-11,null,null
334,691231/7896,32,2004-08-31,null,null
335,695130/5856,10,2017-12-24,null,null
336,695312/7995,30,2019-11-25,null,null
337,695318/0000,22,2022-07-06,null,null
338,695402/0000,5,2011-06-17,null,null
339,695608/0153,36,2002-11-07,null,null
340,695709/8478,17,2007-08-17,null,null
341,695728/2901,25,2018-07-16,null,null
342,695811/8167,28,2018-07-05,null,null
343,695917/0000,15,2004-02-09,null,null
344,700121/1723,32,2016-11-05,null,null
345,700121/8422,22,2002-10-27,null,null
346,700209/6453,22,2022-02-13,null,null
347,700316/7764,28,2008-11-23,null,null
348,700317/2671,27,2012-02-21,null,null
349,700319/7938,30,2013-08-08,null,null
350,700326/5236,29,2016-02-19,null,null
351,700328/7896,40,2006-04-24,null,null
352,700404/7908,13,2012-01-22,null,null
353,700501/7987,17,2006-01-31,null,null
354,700504/8017,28,2009-01-09,null,null
355,700507/7915,25,2019-02-22,null,null
356,700529/3042,29,2002-02-24,null,null
357,700612/9636,7,2005-04-09,null,null
358,700617/8465,12,2000-09-12,null,null
359,700701/5697,19,2004-07-04,null,null
360,700703/0000,36,2010-03-03,null,null
361,700707/7671,7,2015-09-25,null,null
362,700817/1181,39,2005-03-26,null,null
363,700922/8294,39,2004-04-27,null,null
364,701018/7965,18,2015-10-30,null,null
365,701101/7981,15,2004-05-06,null,null
366,701101/8443,21,2003-11-21,null,null
367,701102/8585,37,2002-01-20,null,null
368,701104/4942,9,2018-09-30,null,null
369,701211/4252,31,2006-04-19,null,null
370,701215/3489,8,2009-07-08,null,null
371,701221/0722,8,2017-06-20,null,null
372,701222/6529,38,2021-10-26,null,null
373,705105/8652,8,2004-11-24,null,null
374,705201/0911,1,2020-08-29,null,null
375,705214/7773,11,2013-11-18,null,null
376,705221/8019,22,2016-07-21,null,null
377,705608/0680,15,2007-08-22,null,null
378,705813/8428,16,2003-03-11,null,null
379,705905/7929,14,2011-08-15,null,null
380,705920/3492,30,2008-12-10,null,null
381,706023/8724,36,2012-10-29,null,null
382,706111/7767,31,2011-10-22,null,null
383,706121/8164,30,2010-07-10,null,null
384,706225/6531,23,2020-01-03,null,null
385,710101/3183,8,2008-10-10,null,null
386,710207/1746,2,2006-08-25,null,null
387,710304/4168,15,2005-04-10,null,null
388,710305/0570,25,2012-05-31,null,null
389,710313/7745,2,2021-11-11,null,null
390,710327/6928,7,2006-09-13,null,null
391,710327/8402,29,2005-08-01,null,null
392,710402/6864,34,2016-08-15,null,null
393,710411/7691,17,2011-02-03,null,null
394,710602/7995,23,2001-10-24,null,null
395,710604/6112,4,2009-05-30,null,null
396,710606/8750,5,2016-03-18,null,null
397,710610/8284,35,2012-07-27,null,null
398,710613/4079,17,2002-09-20,null,null
399,710615/8301,16,2008-06-11,null,null
400,710625/4192,39,2015-10-30,null,null
401,710626/8477,9,2000-01-07,null,null
402,710627/7387,19,2006-04-27,null,null
403,710711/7611,39,2009-04-01,null,null
404,710730/9066,37,2011-05-05,null,null
405,710802/1635,20,2007-11-05,null,null
406,710804/8387,36,2002-06-19,null,null
407,710907/8669,8,2015-07-17,null,null
408,710918/5325,33,2006-11-22,null,null
409,711012/7530,7,2000-02-13,null,null
410,711102/8089,6,2004-11-22,null,null
411,711209/7795,29,2008-02-23,null,null
412,715127/6770,4,2011-04-06,null,null
413,715206/5327,12,2000-02-14,null,null
414,715225/7684,32,2000-11-12,null,null
415,715307/8108,38,2016-03-03,null,null
416,715328/8417,19,2002-04-17,null,null
417,715401/8663,8,2012-08-16,null,null
418,715410/8654,8,2009-10-10,null,null
419,715613/5184,39,2022-11-08,null,null
420,715615/5116,23,2021-09-27,null,null
421,715725/7921,6,2016-10-13,null,null
422,715901/8273,4,2018-10-03,null,null
423,715905/8676,13,2006-09-27,null,null
424,715930/8420,39,2015-02-17,null,null
425,716011/9032,30,2009-08-25,null,null
426,720113/9517,22,2006-07-27,null,null
427,720125/4401,22,2017-10-10,null,null
428,720131/6930,6,2013-04-20,null,null
429,720221/6571,8,2010-08-04,null,null
430,720301/7151,15,2013-08-21,null,null
431,720319/6231,1,2018-02-14,null,null
432,720323/8438,40,2022-01-09,null,null
433,720326/8369,5,2005-07-09,null,null
434,720329/7893,17,2011-06-10,null,null
435,720331/7341,15,2017-11-06,null,null
436,720417/7123,20,2000-11-07,null,null
437,720429/1562,29,2004-03-07,null,null
438,720505/4956,29,2017-11-15,null,null
439,720509/8494,20,2019-02-10,null,null
440,720521/7789,26,2006-07-07,null,null
441,720530/5085,6,2002-12-26,null,null
442,720530/6966,8,2012-01-16,null,null
443,720609/4621,1,2018-07-10,null,null
444,720705/5196,11,2011-07-13,null,null
445,720707/6525,22,2012-09-11,null,null
446,720719/8416,24,2012-04-29,null,null
447,720803/8387,6,2017-07-25,null,null
448,720922/8444,10,2022-08-14,null,null
449,720930/9162,2,2013-10-28,null,null
450,721024/9134,9,2010-07-11,null,null
451,721025/8418,9,2014-09-04,null,null
452,721026/8076,16,2018-04-14,null,null
453,721031/7499,27,2012-12-25,null,null
454,721102/9507,24,2005-04-27,null,null
455,721104/9065,33,2014-05-16,null,null
456,721105/7887,29,2011-02-25,null,null
457,721113/7362,34,2012-03-22,null,null
458,721113/7714,7,2020-03-27,null,null
913,761001/8174,15,2017-07-28,null,null
914,761007/7893,2,2001-01-12,null,null
915,761017/9093,24,2016-03-05,null,null
916,761024/7612,10,2001-03-11,null,null
917,761025/6203,28,2020-09-24,null,null
918,761030/7617,22,2015-04-08,null,null
919,761030/8090,13,2011-08-28,null,null
920,761102/8436,18,2018-05-28,null,null
921,761103/7973,3,2022-10-27,null,null
922,761128/8080,15,2016-12-08,null,null
923,761201/8436,6,2016-02-05,null,null
924,761206/9366,8,2001-09-10,null,null
925,761209/8010,34,2014-05-28,null,null
926,761211/7590,5,2020-08-09,null,null
927,761215/8092,19,2014-07-23,null,null
928,761220/8428,6,2019-02-24,null,null
929,761222/3795,22,2008-06-05,null,null
930,761222/7062,1,2014-02-06,null,null
931,761226/8422,17,2014-08-30,null,null
932,761230/8429,4,2002-01-12,null,null
933,765117/9569,8,2009-02-07,null,null
934,765120/7773,32,2006-05-07,null,null
935,765124/7186,37,2003-10-29,null,null
936,765208/7762,37,2002-11-28,null,null
937,765226/8437,22,2006-06-12,null,null
938,765401/7767,18,2005-03-14,null,null
939,765510/8098,9,2020-10-28,null,null
940,765524/7754,29,2017-12-16,null,null
941,765530/7594,39,2022-02-14,null,null
942,765609/7692,12,2002-03-29,null,null
943,765621/7602,19,2006-01-02,null,null
944,765706/7616,4,2012-09-12,null,null
945,765709/8416,20,2001-09-11,null,null
946,765715/8377,36,2007-09-08,null,null
947,765803/9345,6,2002-08-12,null,null
948,765923/8290,19,2000-04-13,null,null
949,765926/9079,30,2006-05-04,null,null
950,765927/8495,38,2006-08-21,null,null
951,765930/7227,21,2014-06-30,null,null
952,766017/8086,20,2007-05-05,null,null
953,766123/7078,2,2004-11-27,null,null
954,766130/7699,13,2000-09-10,null,null
955,770103/8422,14,2016-11-09,null,null
956,770108/7229,30,2021-10-14,null,null
957,770111/6236,21,2004-09-12,null,null
958,770127/8420,20,2011-02-09,null,null
959,770207/8461,4,2009-01-20,null,null
960,770211/8424,17,2020-11-27,null,null
961,770215/8453,13,2021-07-03,null,null
962,770220/9262,17,2016-04-17,null,null
963,770222/6620,25,2017-08-27,null,null
964,770222/7632,6,2012-07-11,null,null
965,770222/7709,39,2011-06-12,null,null
966,770225/7706,8,2018-02-07,null,null
967,770301/6167,27,2013-06-18,null,null
968,770304/6604,11,2012-10-07,null,null
969,770309/9140,24,2012-01-02,null,null
970,770311/9160,29,2008-04-28,null,null
971,770312/8092,17,2004-02-13,null,null
972,770314/7903,34,2001-11-17,null,null
973,770317/7988,37,2011-12-26,null,null
974,770322/8489,3,2022-03-07,null,null
975,770323/8444,31,2000-04-28,null,null
976,770324/6958,38,2007-08-22,null,null
977,770326/9079,31,2000-07-12,null,null
978,770328/8131,35,2019-09-05,null,null
979,770406/7514,16,2006-07-08,null,null
980,770407/6952,23,2001-12-20,null,null
981,770424/8464,22,2005-06-28,null,null
982,770425/7671,27,2002-01-26,null,null
983,770427/8428,30,2017-04-19,null,null
984,770502/8496,14,2010-04-22,null,null
985,770503/7516,29,2012-08-08,null,null
986,770504/7779,16,2007-04-01,null,null
987,770512/8442,27,2006-02-25,null,null
988,770520/7400,28,2018-10-25,null,null
989,770523/8090,17,2010-08-01,null,null
990,770526/9341,19,2018-01-26,null,null
991,770606/7765,22,2000-07-03,null,null
992,770607/8017,25,2019-02-22,null,null
993,770611/7782,14,2020-04-01,null,null
994,770619/7686,13,2002-06-25,null,null
995,770620/6926,35,2011-10-15,null,null
996,770622/7793,34,2007-11-24,null,null
997,770623/8507,33,2000-10-07,null,null
998,770701/9034,34,2011-01-20,null,null
999,770704/7073,23,2010-03-12,null,null
1000,770706/9304,31,2000-08-20,null,null
1001,770707/8016,39,2013-07-24,null,null
1002,770713/8076,31,2003-02-11,null,null
1003,770723/9551,12,2013-05-20,null,null
1004,770727/7490,23,2004-04-07,null,null
1005,770729/9094,8,2000-12-13,null,null
1006,770730/8422,20,2009-01-18,null,null
1007,770804/6775,28,2007-09-06,null,null
1008,770807/8422,22,2012-07-23,null,null
1009,770807/8444,26,2015-04-10,null,null
1010,770815/6007,9,2019-08-08,null,null
1011,770816/8391,40,2011-10-29,null,null
1012,770822/7769,15,2012-02-04,null,null
1013,770827/8424,3,2014-07-24,null,null
1014,770830/7497,19,2003-05-20,null,null
1015,770901/7998,27,2003-08-25,null,null
1016,770901/8086,38,2011-03-16,null,null
1017,770907/8454,25,2017-10-19,null,null
1018,770908/7969,23,2008-01-28,null,null
1019,770909/7594,20,2020-09-17,null,null
1020,770911/7603,36,2007-08-04,null,null
1021,770915/7786,21,2022-05-04,null,null
1022,770917/7773,26,2020-03-26,null,null
1023,770919/7980,21,2009-03-07,null,null
1024,770921/7692,25,2006-10-10,null,null
1025,770921/8451,13,2006-09-18,null,null
1026,770922/6701,12,2016-10-29,null,null
1027,770922/8450,21,2010-01-21,null,null
1028,770927/8489,33,2006-07-26,null,null
1029,771008/8452,1,2011-03-08,null,null
1030,771017/7596,33,2021-11-13,null,null
1031,771018/8090,31,2001-06-16,null,null
1032,771018/8431,24,2014-11-11,null,null
1033,771022/7679,1,2011-03-11,null,null
1034,771028/7893,25,2019-04-06,null,null
1035,771028/7904,23,2022-08-18,null,null
1036,771031/9144,12,2021-05-22,null,null
1037,771103/7763,32,2008-03-29,null,null
1038,771103/8456,30,2013-01-06,null,null
1039,771104/7718,6,2008-11-17,null,null
1040,771106/8321,24,2011-07-27,null,null
1041,771108/7780,5,2012-08-10,null,null
1042,771119/7890,25,2009-08-05,null,null
1043,771120/9044,31,2009-03-25,null,null
1044,771122/7667,31,2013-09-18,null,null
1045,771124/7687,40,2012-05-10,null,null
1046,771211/7754,13,2011-04-06,null,null
1047,771212/7148,37,2008-03-17,null,null
1048,771212/7995,24,2004-12-05,null,null
1049,771217/8441,5,2019-12-18,null,null
1050,771219/7482,7,2019-07-26,null,null
1051,771223/7379,36,2010-06-19,null,null
1052,771223/7610,16,2022-06-10,null,null
1053,771228/7968,5,2019-04-13,null,null
1054,771229/7934,26,2016-09-30,null,null
1055,775112/7802,14,2018-09-03,null,null
1056,775126/7909,16,2003-08-24,null,null
1057,775201/8945,10,2008-04-16,null,null
1058,775204/8898,38,2013-01-30,null,null
1059,775228/8434,30,2019-09-13,null,null
1060,775320/7077,16,2008-06-20,null,null
1061,775322/7680,7,2020-06-12,null,null
1062,775322/7691,10,2003-01-20,null,null
1063,775325/7490,21,2003-06-12,null,null
1064,775329/7640,15,2018-12-24,null,null
1065,775404/7070,16,2011-03-27,null,null
1066,775408/7517,19,2006-05-30,null,null
1067,775418/6275,26,2010-11-22,null,null
1068,775523/7325,29,2013-09-15,null,null
1069,775615/8949,29,2012-11-21,null,null
1070,775622/8502,6,2001-11-07,null,null
1071,775701/8445,7,2004-08-17,null,null
1072,775713/7509,10,2001-04-29,null,null
1073,775809/8436,31,2011-12-21,null,null
1074,775831/7611,3,2014-05-16,null,null
1075,775914/8452,14,2016-06-27,null,null
1076,775918/8360,12,2017-10-02,null,null
1077,775930/8095,12,2004-03-20,null,null
1078,776012/7595,36,2004-02-03,null,null
1079,776115/7074,22,2021-07-07,null,null
1080,776127/7964,2,2009-08-22,null,null
1081,776231/8663,29,2005-01-23,null,null
1082,780102/7905,33,2021-11-06,null,null
1083,780102/8236,30,2005-12-08,null,null
1084,780103/7684,33,2004-11-03,null,null
1085,780105/7871,30,2020-10-06,null,null
1086,780105/8001,24,2018-12-02,null,null
1087,780123/7752,11,2013-08-15,null,null
1088,780124/7674,2,2009-03-18,null,null
1089,780124/8378,2,2016-09-21,null,null
1090,780126/8365,16,2014-11-02,null,null
1091,780130/8361,35,2010-11-27,null,null
1092,780131/8074,21,2014-04-26,null,null
1093,780201/7971,11,2001-03-29,null,null
1094,780202/9037,4,2001-07-22,null,null
1095,780207/7261,1,2018-09-06,null,null
1096,780208/7502,6,2019-04-03,null,null
1097,780215/7891,23,2019-10-15,null,null
1098,780220/6621,10,2018-02-02,null,null
1099,780220/7853,35,2020-05-02,null,null
1100,780227/9683,7,2015-03-09,null,null
1101,780302/8123,9,2015-06-24,null,null
1102,780305/7680,4,2002-12-09,null,null
1103,780309/6103,15,2021-03-12,null,null
1104,780313/6694,8,2014-09-03,null,null
1105,780313/7276,8,2021-03-23,null,null
1106,780315/6933,7,2003-07-29,null,null
1107,780317/7998,33,2011-06-03,null,null
1108,780318/7832,26,2014-11-16,null,null
1109,780321/9083,28,2016-08-20,null,null
1110,780325/9090,28,2020-06-16,null,null
1111,780326/7010,14,2003-06-20,null,null
1112,780331/7687,38,2003-08-04,null,null
1113,780409/7763,8,2009-08-11,null,null
1114,780410/9093,23,2008-07-13,null,null
1115,780411/7992,31,2011-02-22,null,null
1116,780414/9067,19,2022-07-21,null,null
1117,780417/7425,15,2021-05-24,null,null
1118,780417/8074,26,2021-12-12,null,null
1119,780418/7765,13,2018-11-22,null,null
1120,780419/7170,25,2020-12-15,null,null
1121,780502/7230,32,2015-01-16,null,null
1122,780502/8077,33,2004-03-12,null,null
1123,780511/8431,19,2008-04-21,null,null
1124,780515/8108,16,2011-12-26,null,null
1125,780527/8415,13,2004-12-17,null,null
1126,780529/7247,16,2016-02-29,null,null
1127,780603/8130,38,2006-06-29,null,null
1128,780621/8090,24,2022-05-16,null,null
1129,780622/7759,8,2016-06-18,null,null
1130,780624/8725,30,2004-08-16,null,null
1131,780625/7525,33,2018-05-16,null,null
1132,780626/7678,30,2012-05-13,null,null
1133,780630/8422,36,2022-03-05,null,null
1134,780708/7684,38,2019-08-16,null,null
1135,780708/7695,23,2000-05-10,null,null
1136,780709/9146,14,2008-05-28,null,null
1137,780712/8076,22,2000-03-16,null,null
1138,780718/7696,10,2016-05-20,null,null
459,721117/6775,18,2015-09-12,null,null
460,721206/9645,19,2018-08-26,null,null
461,721211/9453,3,2019-11-02,null,null
462,721213/6822,14,2019-04-15,null,null
463,721215/8096,16,2009-03-05,null,null
464,721215/9053,33,2019-02-01,null,null
465,721224/7482,26,2019-01-17,null,null
466,721227/8293,28,2007-11-28,null,null
467,721229/7235,11,2014-07-19,null,null
468,725308/7765,17,2002-03-11,null,null
469,725417/7117,27,2010-01-24,null,null
470,725609/6562,26,2022-01-16,null,null
471,725616/5895,39,2019-12-04,null,null
472,725705/6466,33,2001-04-30,null,null
473,725719/6694,5,2019-08-30,null,null
474,725823/8086,31,2015-06-15,null,null
475,725929/9212,1,2013-01-22,null,null
476,725929/9213,20,2015-04-07,null,null
477,726020/7746,30,2000-06-25,null,null
478,726116/7067,13,2022-04-24,null,null
479,726202/8477,12,2017-07-11,null,null
480,726225/7607,36,2013-10-11,null,null
481,730106/7785,32,2013-05-17,null,null
482,730107/8444,28,2010-07-22,null,null
483,730125/6534,12,2016-02-24,null,null
484,730203/7160,17,2015-02-15,null,null
485,730207/8190,2,2006-03-24,null,null
486,730208/7232,21,2013-02-28,null,null
487,730212/7591,29,2014-05-26,null,null
488,730223/7767,10,2002-01-02,null,null
489,730302/4399,18,2009-02-27,null,null
490,730302/7292,21,2008-06-28,null,null
491,730309/8187,3,2014-05-14,null,null
492,730319/9046,6,2014-11-01,null,null
493,730324/9679,11,2015-02-17,null,null
494,730401/9470,23,2014-12-24,null,null
495,730421/8416,11,2010-03-05,null,null
496,730424/8391,22,2012-08-10,null,null
497,730424/8435,29,2016-09-23,null,null
498,730425/7950,32,2022-07-18,null,null
499,730425/8478,19,2021-08-12,null,null
500,730426/6321,29,2001-12-02,null,null
501,730502/7598,38,2013-11-25,null,null
502,730514/8433,36,2006-04-19,null,null
503,730524/6795,33,2010-10-21,null,null
504,730526/9356,28,2015-04-14,null,null
505,730530/8428,18,2015-09-25,null,null
506,730603/7651,10,2013-01-02,null,null
507,730603/8454,11,2017-05-25,null,null
508,730607/8494,23,2006-08-03,null,null
509,730610/7677,10,2020-11-06,null,null
510,730617/8088,2,2005-01-12,null,null
511,730621/9052,5,2012-03-03,null,null
512,730623/7488,36,2009-01-21,null,null
513,730624/7938,32,2002-12-22,null,null
514,730627/8419,25,2013-04-26,null,null
515,730628/6317,10,2000-11-20,null,null
516,730704/8441,37,2007-11-05,null,null
517,730705/8275,14,2003-07-10,null,null
518,730713/4296,35,2015-04-19,null,null
519,730726/7990,6,2014-10-13,null,null
520,730804/8121,16,2013-05-16,null,null
521,730819/8293,16,2009-12-23,null,null
522,730820/6961,20,2000-02-29,null,null
523,730829/8437,24,2004-07-01,null,null
524,730903/8088,21,2010-09-12,null,null
525,730903/8429,20,2015-09-22,null,null
526,730906/7722,1,2000-01-10,null,null
527,730907/8447,11,2014-12-01,null,null
528,730908/7907,10,2008-11-04,null,null
529,730910/7751,1,2009-08-08,null,null
530,730911/7761,26,2006-08-03,null,null
531,730914/8099,7,2006-11-04,null,null
532,730920/7994,16,2003-03-05,null,null
533,730925/8462,19,2022-08-03,null,null
534,730927/7327,33,2006-12-29,null,null
535,730929/7512,7,2000-05-11,null,null
536,731002/7516,6,2018-09-16,null,null
537,731010/7134,19,2006-03-29,null,null
538,731013/7681,12,2005-01-25,null,null
539,731026/7602,25,2018-02-16,null,null
540,731026/7976,17,2015-11-14,null,null
541,731031/6805,12,2013-09-26,null,null
542,731101/7912,12,2002-03-03,null,null
543,731102/7834,34,2009-06-09,null,null
544,731109/7772,40,2004-11-23,null,null
545,731112/9562,4,2005-03-24,null,null
546,731115/6787,22,2009-03-31,null,null
547,731115/7689,28,2001-05-19,null,null
548,731117/8017,30,2020-06-15,null,null
549,731129/8951,10,2011-01-10,null,null
550,731205/7918,5,2012-09-17,null,null
551,731209/7760,2,2014-03-06,null,null
552,731210/8430,40,2016-07-26,null,null
553,731218/8015,11,2011-11-12,null,null
554,731224/8438,33,2012-03-04,null,null
555,731225/7810,39,2009-07-14,null,null
556,735104/8452,18,2020-09-16,null,null
557,735111/7763,25,2002-01-08,null,null
558,735129/7228,19,2001-08-07,null,null
559,735302/7110,40,2015-09-12,null,null
560,735311/7508,28,2020-07-25,null,null
561,735313/9101,9,2000-06-03,null,null
562,735414/8417,31,2007-06-12,null,null
563,735502/7757,21,2022-11-02,null,null
564,735702/8096,32,2022-07-16,null,null
565,735707/7783,28,2019-02-08,null,null
566,735713/7513,16,2008-10-22,null,null
567,735719/7551,1,2010-11-04,null,null
568,735828/7794,11,2006-04-20,null,null
569,735922/8074,13,2017-11-12,null,null
570,735925/8445,34,2017-02-07,null,null
571,736017/8364,39,2021-02-22,null,null
572,736103/9510,32,2012-08-12,null,null
573,736108/7316,35,2003-10-25,null,null
574,736110/7490,14,2005-11-02,null,null
575,736120/7788,36,2006-01-09,null,null
576,736125/7761,15,2004-05-04,null,null
577,736202/9565,10,2004-09-19,null,null
578,736208/8118,27,2005-09-08,null,null
579,740101/7129,11,2001-07-02,null,null
580,740103/8436,6,2013-10-04,null,null
581,740104/7890,10,2017-04-22,null,null
582,740106/8114,40,2003-05-02,null,null
583,740117/9478,16,2005-06-26,null,null
584,740120/8947,14,2002-07-27,null,null
585,740124/8965,25,2019-07-12,null,null
586,740201/6525,31,2011-07-28,null,null
587,740203/7797,40,2011-08-23,null,null
588,740215/6850,40,2019-06-28,null,null
589,740225/9059,16,2016-05-16,null,null
590,740227/7751,35,2003-05-21,null,null
591,740301/7600,7,2017-04-12,null,null
592,740301/8403,21,2003-01-30,null,null
593,740306/7672,6,2017-07-16,null,null
594,740309/8461,1,2018-07-04,null,null
595,740311/7788,10,2006-02-18,null,null
596,740311/8668,15,2018-08-03,null,null
597,740316/8014,33,2021-11-02,null,null
598,740321/8130,34,2014-10-26,null,null
599,740325/7499,18,2004-03-26,null,null
600,740327/8014,40,2011-12-17,null,null
601,740330/7912,40,2019-11-24,null,null
602,740415/7222,35,2016-04-14,null,null
603,740416/8475,20,2020-12-08,null,null
604,740422/7776,8,2001-03-13,null,null
605,740430/9033,38,2015-04-11,null,null
606,740503/8443,12,2019-03-31,null,null
607,740512/7697,29,2005-12-19,null,null
608,740512/8390,8,2018-02-20,null,null
609,740515/8431,32,2016-05-21,null,null
610,740522/7126,32,2017-09-10,null,null
611,740522/9381,26,2014-10-03,null,null
612,740523/6817,16,2011-04-03,null,null
613,740527/7671,18,2004-11-04,null,null
614,740528/7218,37,2022-06-19,null,null
615,740529/8274,16,2009-05-10,null,null
616,740531/6259,24,2020-10-02,null,null
617,740604/7759,20,2021-08-28,null,null
618,740606/7317,2,2013-06-02,null,null
619,740606/8285,30,2017-08-24,null,null
620,740608/7755,5,2005-01-17,null,null
621,740610/8424,5,2019-05-26,null,null
622,740613/8443,35,2001-06-03,null,null
623,740617/8417,37,2022-11-09,null,null
624,740618/7514,32,2010-12-21,null,null
625,740618/7701,23,2020-10-20,null,null
626,740621/6543,13,2019-09-04,null,null
627,740701/7519,30,2000-04-07,null,null
628,740707/6974,40,2005-04-13,null,null
629,740710/7994,4,2000-12-24,null,null
630,740722/7773,2,2005-10-07,null,null
631,740724/6154,8,2009-09-27,null,null
632,740731/7786,30,2010-05-20,null,null
633,740806/8767,1,2020-08-06,null,null
634,740807/8084,13,2004-06-26,null,null
635,740810/7080,37,2010-03-06,null,null
636,740823/8299,5,2005-05-27,null,null
637,740823/9300,11,2005-02-20,null,null
638,740825/7964,29,2011-08-15,null,null
639,740830/4585,33,2004-07-11,null,null
640,740830/7720,27,2016-12-05,null,null
641,740901/7605,23,2010-12-09,null,null
642,740904/7250,20,2016-06-08,null,null
643,740908/7752,4,2000-11-16,null,null
644,740909/7919,40,2018-01-05,null,null
645,740910/7123,19,2004-04-22,null,null
646,740917/7974,14,2013-08-09,null,null
647,740918/6796,2,2007-02-25,null,null
648,740929/7489,30,2002-09-20,null,null
649,741014/7910,22,2014-10-13,null,null
650,741016/7897,16,2012-11-27,null,null
651,741017/7159,28,2006-02-10,null,null
652,741017/8369,18,2003-08-03,null,null
653,741018/8588,9,2022-04-02,null,null
654,741022/7682,28,2006-03-19,null,null
655,741029/8610,30,2005-08-23,null,null
656,741105/7511,6,2022-06-06,null,null
657,741108/7596,9,2002-08-18,null,null
658,741108/7794,27,2019-01-29,null,null
659,741112/7790,13,2015-12-01,null,null
660,741124/5325,30,2021-10-08,null,null
661,741125/7590,7,2006-12-14,null,null
662,741125/8437,17,2001-07-18,null,null
663,741129/7960,34,2004-06-25,null,null
664,741130/7519,11,2014-03-02,null,null
665,741130/8443,23,2011-01-08,null,null
666,741204/8083,19,2003-11-03,null,null
667,741205/7268,6,2016-07-09,null,null
668,741206/8323,30,2021-06-04,null,null
669,741217/9346,18,2000-09-19,null,null
670,741224/7623,5,2000-06-08,null,null
671,741228/7751,22,2020-01-05,null,null
672,741231/8452,1,2005-05-05,null,null
673,745103/8661,40,2004-03-12,null,null
674,745104/8462,13,2000-09-28,null,null
675,745218/7699,16,2019-01-12,null,null
676,745218/9558,21,2020-12-25,null,null
677,745222/7629,1,2013-10-02,null,null
678,745224/8947,25,2015-03-29,null,null
679,745303/7383,23,2014-11-21,null,null
680,745306/7776,7,2004-01-15,null,null
681,745311/7782,6,2010-05-04,null,null
682,745321/8663,34,2021-11-21,null,null
683,745329/6532,8,2014-03-02,null,null
684,745422/7220,26,2021-12-27,null,null
685,745430/7685,35,2012-08-04,null,null
686,745502/7756,34,2016-05-22,null,null
687,745528/8434,7,2004-10-12,null,null
688,745620/8430,31,2006-12-06,null,null
689,745624/8426,13,2008-11-23,null,null
690,745625/7754,36,2010-11-02,null,null
691,745630/6759,31,2007-03-24,null,null
692,745707/8002,21,2011-06-12,null,null
693,745710/9154,14,2004-10-02,null,null
694,745711/7261,9,2008-12-15,null,null
695,745711/7591,40,2017-05-17,null,null
696,745721/8439,19,2000-05-01,null,null
697,745722/9384,9,2016-08-19,null,null
698,745802/6125,30,2017-06-09,null,null
699,745810/7802,24,2016-02-19,null,null
700,745826/9313,27,2009-11-02,null,null
701,745828/7760,38,2017-08-01,null,null
702,746004/7793,6,2016-09-06,null,null
703,746007/7636,14,2012-11-19,null,null
704,746010/8436,25,2003-06-06,null,null
705,746026/8376,32,2001-12-23,null,null
706,746105/8440,13,2017-05-25,null,null
707,746202/9564,25,2011-01-27,null,null
708,746224/7650,36,2022-01-29,null,null
709,750126/6795,6,2008-08-25,null,null
710,750203/8445,34,2019-09-20,null,null
711,750205/7618,14,2004-03-01,null,null
712,750209/8472,5,2014-03-01,null,null
713,750210/7756,16,2006-03-20,null,null
714,750211/8459,34,2010-03-25,null,null
715,750213/6532,22,2017-03-20,null,null
716,750213/7687,35,2003-05-01,null,null
717,750214/8489,40,2022-10-31,null,null
718,750223/7688,27,2006-12-21,null,null
719,750224/6796,18,2009-02-19,null,null
720,750227/8593,18,2013-04-20,null,null
721,750301/7984,23,2001-04-22,null,null
722,750303/8741,40,2008-12-28,null,null
723,750304/6969,30,2021-06-03,null,null
724,750309/7745,31,2021-11-10,null,null
725,750324/7763,27,2008-02-21,null,null
726,750325/7190,16,2000-10-10,null,null
727,750329/4172,24,2019-07-12,null,null
728,750331/7899,39,2000-03-09,null,null
729,750401/8962,5,2016-06-10,null,null
730,750403/7222,10,2015-12-28,null,null
731,750410/8425,14,2016-03-03,null,null
732,750411/7082,24,2019-07-24,null,null
733,750416/8111,36,2002-10-02,null,null
734,750419/7998,4,2019-06-21,null,null
735,750423/7092,19,2008-02-18,null,null
736,750425/7794,23,2016-09-20,null,null
737,750426/7386,7,2022-05-29,null,null
738,750507/8702,40,2014-04-22,null,null
739,750508/7480,11,2019-07-20,null,null
740,750514/9036,8,2001-07-12,null,null
741,750519/8800,17,2008-09-12,null,null
742,750520/8172,32,2022-10-15,null,null
743,750525/7760,9,2011-09-28,null,null
744,750528/7625,9,2013-03-11,null,null
745,750606/7129,17,2003-02-18,null,null
746,750613/8288,9,2011-05-20,null,null
747,750615/7780,8,2007-11-28,null,null
748,750619/7765,2,2019-12-27,null,null
749,750621/7895,1,2005-04-17,null,null
750,750623/6958,37,2015-11-19,null,null
751,750624/7749,21,2000-05-03,null,null
752,750627/7713,19,2012-08-14,null,null
753,750627/8439,9,2013-08-14,null,null
754,750629/7766,39,2002-01-17,null,null
755,750702/8441,5,2005-08-30,null,null
756,750706/6787,35,2014-10-22,null,null
757,750708/8985,31,2002-08-31,null,null
758,750719/7159,28,2008-10-14,null,null
759,750719/8457,32,2008-08-18,null,null
760,750720/8489,1,2018-11-29,null,null
761,750727/7604,21,2011-11-29,null,null
762,750727/7745,34,2014-05-03,null,null
763,750730/7698,8,2006-11-28,null,null
764,750731/8104,34,2012-08-17,null,null
765,750805/8415,18,2010-04-30,null,null
766,750809/7993,3,2007-06-23,null,null
767,750814/9649,6,2001-09-11,null,null
768,750826/7536,27,2012-11-13,null,null
769,750826/8108,38,2004-03-11,null,null
770,750828/8458,36,2017-02-22,null,null
771,750829/8435,4,2014-10-14,null,null
772,750907/7136,30,2006-12-05,null,null
773,750909/8080,1,2013-06-16,null,null
774,750911/7121,30,2008-01-20,null,null
775,750916/8084,1,2021-10-29,null,null
776,750916/8469,8,2019-10-11,null,null
777,750919/7938,4,2002-08-27,null,null
778,750926/8107,28,2010-11-24,null,null
779,751008/6936,12,2007-06-21,null,null
780,751014/7755,33,2006-11-25,null,null
781,751018/7806,6,2012-08-05,null,null
782,751019/7992,29,2004-06-16,null,null
783,751024/7668,25,2018-12-21,null,null
784,751026/7985,12,2008-08-09,null,null
785,751027/8127,21,2003-07-04,null,null
786,751030/8091,31,2006-05-15,null,null
787,751031/6473,34,2020-06-13,null,null
788,751104/6169,19,2013-07-24,null,null
789,751104/7269,39,2000-08-09,null,null
790,751105/7775,22,2022-01-17,null,null
791,751113/6600,30,2018-10-26,null,null
792,751116/9347,39,2010-01-26,null,null
793,751118/8003,17,2013-01-08,null,null
794,751121/8165,16,2015-07-29,null,null
795,751122/6767,19,2000-03-18,null,null
796,751129/8146,34,2020-08-22,null,null
797,751201/4268,14,2001-09-12,null,null
798,751208/7715,28,2016-05-30,null,null
799,751210/9077,10,2013-02-23,null,null
800,751219/8738,26,2005-01-30,null,null
801,751222/7855,2,2018-03-31,null,null
802,751222/7987,8,2022-08-20,null,null
803,751227/7630,1,2014-10-20,null,null
804,751228/7607,21,2010-11-19,null,null
805,751230/7671,31,2015-06-19,null,null
806,751230/8287,20,2002-12-08,null,null
807,751230/8496,21,2014-09-07,null,null
808,755104/8164,5,2014-03-23,null,null
809,755109/8060,29,2011-08-30,null,null
810,755121/8081,26,2021-05-27,null,null
811,755213/8440,32,2011-06-14,null,null
812,755305/7523,38,2016-11-14,null,null
813,755326/8272,16,2003-08-29,null,null
814,755406/7752,22,2012-05-09,null,null
815,755410/7913,22,2013-11-03,null,null
816,755414/7898,25,2012-01-12,null,null
817,755509/7979,7,2002-07-15,null,null
818,755510/9034,34,2001-05-31,null,null
819,755514/7908,30,2020-06-09,null,null
820,755517/8775,36,2002-09-26,null,null
821,755604/8093,18,2012-05-06,null,null
822,755613/8436,20,2006-08-10,null,null
823,755616/8114,18,2001-03-20,null,null
824,755616/8752,33,2015-11-29,null,null
825,755620/7780,30,2003-09-15,null,null
826,755620/8099,1,2011-11-13,null,null
827,755704/7982,19,2002-09-27,null,null
828,755713/8105,24,2021-08-06,null,null
829,755811/8106,9,2004-09-23,null,null
830,755924/6684,27,2004-08-31,null,null
831,756008/8085,34,2009-03-29,null,null
832,756104/8484,7,2012-09-17,null,null
833,756125/7771,30,2009-09-27,null,null
834,756202/7121,37,2017-12-05,null,null
835,756209/8181,8,2007-02-17,null,null
836,756224/7616,6,2018-07-16,null,null
837,760102/6686,39,2014-08-28,null,null
838,760102/8446,36,2010-12-13,null,null
839,760124/8490,8,2011-06-15,null,null
840,760131/7977,33,2002-02-01,null,null
841,760131/7999,9,2018-01-11,null,null
842,760201/7148,14,2009-02-08,null,null
843,760201/7753,12,2009-05-22,null,null
844,760203/8103,23,2014-06-18,null,null
845,760207/8495,20,2010-03-02,null,null
846,760208/7229,20,2000-09-15,null,null
847,760212/6246,19,2022-06-24,null,null
848,760218/8110,2,2011-06-09,null,null
849,760221/7898,38,2008-12-10,null,null
850,760222/8139,27,2019-06-01,null,null
851,760224/9347,9,2022-05-13,null,null
852,760225/7894,5,2002-11-04,null,null
853,760227/6693,10,2015-03-20,null,null
854,760227/7254,17,2008-12-08,null,null
855,760228/6736,8,2006-10-24,null,null
856,760302/7762,6,2015-08-28,null,null
857,760309/8503,28,2011-11-19,null,null
858,760317/8099,14,2006-07-16,null,null
859,760319/9054,28,2005-12-25,null,null
860,760320/8426,19,2017-05-29,null,null
861,760326/1523,9,2008-05-05,null,null
862,760327/8947,37,2020-10-03,null,null
863,760329/8087,7,2015-05-11,null,null
864,760329/9649,27,2012-06-22,null,null
865,760401/7278,37,2001-08-17,null,null
866,760402/7970,37,2019-02-11,null,null
867,760404/8507,21,2015-05-28,null,null
868,760406/7669,15,2008-10-16,null,null
869,760409/7226,30,2004-08-29,null,null
870,760418/8273,10,2014-04-28,null,null
871,760419/8096,5,2016-12-17,null,null
872,760421/7621,25,2012-05-19,null,null
873,760504/0000,2,2008-10-15,null,null
874,760504/7967,37,2017-10-27,null,null
875,760506/7536,21,2009-04-28,null,null
876,760510/8500,4,2020-01-18,null,null
877,760514/7594,12,2018-03-20,null,null
878,760516/7504,34,2003-05-09,null,null
879,760522/8103,8,2019-12-24,null,null
880,760522/9082,2,2010-04-27,null,null
881,760524/8464,19,2020-07-28,null,null
882,760603/8088,27,2012-04-28,null,null
883,760604/8296,31,2014-08-19,null,null
884,760605/7063,30,2008-01-29,null,null
885,760605/8438,40,2004-08-05,null,null
886,760612/7606,17,2009-07-23,null,null
887,760615/6932,2,2001-07-10,null,null
888,760628/7755,40,2015-10-07,null,null
889,760628/8481,36,2008-05-03,null,null
890,760707/8468,40,2011-11-30,null,null
891,760713/7087,25,2013-03-26,null,null
892,760715/7756,18,2001-07-28,null,null
893,760722/6781,12,2006-06-13,null,null
894,760727/8074,15,2002-12-23,null,null
895,760727/8085,22,2009-05-27,null,null
896,760803/7668,12,2005-09-09,null,null
897,760803/9461,19,2001-11-07,null,null
898,760808/7773,21,2006-12-06,null,null
899,760810/8431,6,2018-12-21,null,null
900,760812/9067,25,2013-07-19,null,null
901,760815/7524,33,2015-01-02,null,null
902,760822/8419,36,2004-03-20,null,null
903,760829/6795,11,2000-01-15,null,null
904,760829/7609,2,2022-06-12,null,null
905,760830/7894,39,2010-09-08,null,null
906,760831/7519,17,2011-06-25,null,null
907,760831/7552,31,2004-08-07,null,null
908,760911/8088,21,2000-06-05,null,null
909,760914/7612,4,2003-08-17,null,null
910,760924/7613,36,2009-12-19,null,null
911,760929/7795,36,2012-06-01,null,null
912,760930/9070,7,2004-08-06,null,null
1,000214/7970,3,2007-12-01,null,null
2,470207/0000,33,2006-08-14,null,null
3,471203/0000,2,2015-05-21,null,null
4,480108/0001,38,2001-01-15,null,null
5,480408/0127,36,2019-09-27,null,null
6,490510/0000,13,2011-10-08,null,null
7,490615/0001,20,2004-12-29,null,null
8,500308/0001,16,2008-03-26,null,null
9,500408/0001,40,2005-11-22,null,null
10,500921/0001,6,2013-02-06,null,null
11,510402/0001,32,2015-04-25,null,null
12,510405/0001,9,2013-06-29,null,null
13,510614/0001,14,2009-06-19,null,null
14,510811/0001,20,2016-08-28,null,null
15,511130/0001,6,2008-12-14,null,null
16,511204/0001,31,2011-11-22,null,2024-04-18 12:25:09
17,515608/4801,16,2021-12-19,null,null
18,520128/0001,30,2016-12-27,null,null
19,520310/0001,26,2016-03-25,null,null
20,520331/0001,24,2002-11-19,null,null
21,520531/0001,29,2007-04-18,null,null
22,520620/0001,20,2017-08-01,null,null
23,521101/0001,8,2002-01-16,null,null
24,521115/5869,2,2021-11-22,null,null
25,521208/0000,14,2002-08-25,null,null
26,526101/0001,24,2000-09-24,null,null
27,530113/0001,10,2001-07-31,null,null
28,530323/0001,26,2022-08-05,null,null
29,530408/0001,20,2007-07-21,null,null
30,530414/0001,33,2003-04-16,null,null
31,530908/0001,9,2017-03-02,null,null
32,530925/0001,37,2001-11-04,null,null
33,530929/0001,23,2007-07-30,null,null
34,531010/0001,6,2022-05-11,null,null
35,531117/0000,3,2013-03-29,null,null
36,535208/0001,15,2013-01-23,null,null
37,535306/0001,36,2015-12-04,null,null
38,535726/0001,12,2003-09-25,null,null
39,540327/0001,7,2000-01-05,null,null
40,540413/0001,29,2013-05-02,null,null
41,540501/0001,21,2008-03-31,null,null
42,540713/0001,17,2004-01-20,null,null
43,540807/0000,35,2013-12-02,null,null
44,540816/0001,26,2012-09-22,null,null
45,540909/0001,37,2016-12-04,null,null
46,540913/0001,13,2004-01-12,null,null
47,541020/0001,30,2022-09-30,null,null
48,541021/0001,23,2021-05-26,null,null
49,541104/0001,23,2022-11-05,null,null
50,541112/0001,38,2005-06-21,null,null
51,541221/0419,27,2020-02-05,null,null
52,545211/0001,29,2018-03-22,null,null
53,545523/0001,23,2020-12-24,null,null
54,545704/2377,31,2006-05-17,null,null
55,545705/0001,7,2015-11-26,null,null
56,545719/0001,38,2017-08-11,null,null
57,550106/0001,38,2020-04-13,null,null
58,550205/0001,37,2011-07-29,null,null
59,550527/0001,28,2019-06-22,null,null
60,550902/0000,40,2019-02-14,null,null
61,550902/0001,1,2021-12-08,null,null
62,551019/0001,20,2006-05-24,null,null
63,551026/0001,38,2000-06-27,null,null
64,551106/0001,33,2022-01-28,null,null
65,551203/0001,35,2019-08-08,null,null
66,551204/0001,36,2011-08-18,null,null
67,555323/0001,14,2003-08-29,null,null
68,555608/0001,19,2021-11-16,null,null
69,555702/0001,39,2020-01-20,null,null
70,555702/0002,17,2011-08-20,null,null
71,555724/0001,1,2010-11-14,null,null
72,555818/0001,37,2011-01-07,null,null
73,556106/0001,2,2020-05-26,null,null
74,556125/0001,16,2013-12-26,null,null
75,556203/0001,3,2019-10-02,null,null
76,560112/0001,3,2001-10-21,null,null
77,560121/0001,33,2017-03-01,null,null
78,560208/1903,31,2006-09-07,null,null
79,560212/0001,16,2015-08-21,null,null
80,560213/0001,16,2020-06-05,null,null
81,560214/0001,2,2009-10-12,null,null
82,560303/0001,20,2022-01-03,null,null
83,560309/0001,22,2013-08-12,null,null
84,560313/0001,34,2003-08-06,null,null
85,560319/0001,6,2015-01-09,null,null
86,560326/0001,8,2021-06-06,null,null
87,560403/0001,19,2021-10-25,null,null
88,560428/0001,16,2021-04-24,null,null
89,560509/0001,40,2002-02-12,null,null
90,560623/0001,14,2021-08-08,null,null
91,560625/0000,21,2015-06-08,null,null
92,560707/0001,3,2014-02-15,null,null
93,560828/0001,17,2020-12-23,null,null
94,560829/0001,6,2005-01-06,null,null
95,560921/0001,33,2008-07-03,null,null
96,561101/0001,29,2009-01-04,null,null
97,561109/0001,33,2022-07-25,null,null
98,561117/0000,37,2013-03-24,null,null
99,561119/0001,14,2021-06-01,null,null
100,565121/0001,7,2001-07-23,null,null
101,565801/0001,21,2014-07-31,null,null
102,570223/0001,31,2020-06-09,null,null
103,570227/0001,16,2000-01-02,null,null
104,570302/6395,28,2021-01-21,null,null
105,570308/0001,3,2002-04-24,null,null
106,570402/0001,23,2017-03-21,null,null
107,570417/0001,2,2004-09-20,null,null
108,570502/0001,9,2014-08-01,null,null
109,570529/0001,26,2005-02-08,null,null
110,570630/0001,18,2020-05-07,null,null
111,570810/0001,13,2012-10-01,null,null
112,575117/0001,5,2022-05-12,null,null
113,575215/0001,15,2005-03-06,null,null
114,575416/0001,20,2013-03-12,null,null
115,575429/0001,20,2011-05-27,null,null
116,576005/0000,1,2004-12-13,null,null
117,580112/0000,32,2000-08-02,null,null
118,580216/0000,21,2016-06-04,null,null
119,580306/0000,16,2012-05-05,null,null
120,580314/0000,14,2001-03-02,null,null
121,580410/0000,22,2013-03-23,null,null
122,580410/0137,25,2018-01-04,null,null
123,580506/0000,12,2004-11-12,null,null
124,580508/0000,6,2015-07-15,null,null
125,580609/0000,35,2002-08-14,null,null
126,581002/0000,6,2016-03-31,null,null
127,581111/0000,39,2012-09-01,null,null
128,581118/0000,20,2007-02-06,null,null
129,581214/0000,16,2022-04-23,null,null
130,585602/7496,30,2016-07-21,null,null
131,585916/0000,29,2011-12-13,null,null
132,586231/0000,14,2009-06-03,null,null
133,590129/0000,3,2005-10-26,null,null
134,590305/0000,10,2005-09-17,null,null
135,590417/0000,19,2015-10-31,null,null
136,590420/0000,15,2011-01-27,null,null
137,590422/0000,5,2015-11-08,null,null
138,590725/0000,33,2011-09-05,null,null
139,590726/0000,36,2000-03-18,null,null
140,590726/0001,12,2015-02-01,null,null
141,590929/0000,38,2022-09-15,null,null
142,591021/0000,35,2009-09-06,null,null
143,591102/0000,2,2001-08-07,null,null
144,591116/0000,16,2017-10-14,null,null
145,595105/0000,38,2012-07-25,null,null
146,595314/0000,6,2002-11-12,null,null
147,595502/0000,24,2010-01-02,null,null
148,595620/0000,37,2022-04-24,null,null
149,595924/0000,23,2012-12-26,null,null
150,596231/0000,28,2017-05-21,null,null
151,600109/0000,21,2007-08-20,null,null
152,600221/0000,30,2015-06-30,null,null
153,600313/0000,3,2006-05-29,null,null
154,600402/0000,12,2018-01-23,null,null
155,600417/9245,32,2014-06-23,null,null
156,600418/0000,12,2017-03-13,null,null
157,600426/0000,40,2022-05-25,null,null
158,600506/0000,11,2009-12-02,null,null
159,600508/0000,18,2011-08-27,null,null
160,600509/0000,5,2021-06-07,null,null
161,600515/0000,12,2011-10-08,null,null
162,600518/0000,32,2010-11-15,null,null
163,600608/0000,21,2013-08-17,null,null
164,600707/0000,39,2010-02-20,null,null
165,600810/0000,31,2021-10-25,null,null
166,601108/0000,19,2010-10-12,null,null
167,601109/0000,8,2005-10-07,null,null
168,601128/0000,2,2020-02-20,null,null
169,601229/0000,31,2016-06-20,null,null
170,601231/0000,19,2008-03-31,null,null
171,605111/0000,29,2009-08-13,null,null
172,605127/0000,7,2017-02-08,null,null
173,605511/7486,4,2021-02-14,null,null
174,605528/0000,7,2011-10-25,null,null
175,605722/0000,23,2007-03-31,null,null
176,606130/6911,11,2015-09-21,null,null
177,610119/0000,15,2014-07-02,null,null
178,610220/0000,38,2010-09-16,null,null
179,610228/0000,35,2022-09-22,null,null
180,610505/0001,4,2020-07-26,null,null
181,610521/8655,2,2010-04-27,null,null
182,610617/0000,12,2001-02-18,null,null
183,610620/0000,7,2009-09-14,null,null
184,610813/0000,40,2018-01-14,null,null
185,610821/0000,20,2018-09-01,null,null
186,611004/0000,31,2009-08-08,null,null
187,611123/0000,36,2020-10-22,null,null
188,611209/0000,24,2010-11-09,null,null
189,611226/0000,5,2007-12-10,null,null
190,615227/0000,2,2017-12-25,null,null
191,615313/0000,12,2010-04-23,null,null
192,615322/0000,40,2005-02-07,null,null
193,615526/0000,14,2008-11-25,null,null
194,615810/0000,14,2001-11-13,null,null
195,620425/0000,30,2006-04-28,null,null
196,620620/6105,22,2008-11-22,null,null
197,620726/0000,24,2012-05-15,null,null
198,620808/0000,40,2022-02-02,null,null
199,620813/8517,26,2022-01-17,null,null
200,620916/0000,13,2016-03-27,null,null
201,621014/0000,24,2022-04-01,null,null
202,625302/0000,38,2019-04-22,null,null
203,625312/2317,2,2013-03-27,null,null
204,625319/0000,36,2021-12-14,null,null
205,625430/0000,26,2007-10-17,null,null
206,625519/0000,19,2002-03-04,null,null
207,625815/0000,32,2000-02-25,null,null
208,626130/0000,39,2021-05-19,null,null
209,630214/0000,8,2010-11-08,null,null
210,630301/0000,8,2013-11-12,null,null
211,630301/0001,19,2009-06-15,null,null
212,630328/0000,8,2019-03-07,null,null
213,630507/0000,13,2001-11-01,null,null
214,630524/0000,36,2004-10-07,null,null
215,630605/0000,10,2009-11-22,null,null
216,630715/0001,29,2004-10-19,null,null
217,630726/0000,17,2011-12-12,null,null
218,630815/0000,37,2002-01-06,null,null
219,630822/4444,13,2009-07-26,null,null
220,630921/0000,33,2003-01-04,null,null
221,631010/0000,16,2017-09-04,null,null
222,631024/0001,17,2006-12-15,null,null
223,631201/0000,12,2010-08-08,null,null
224,631229/0000,3,2015-10-07,null,null
225,635122/0000,27,2020-11-14,null,null
226,635215/0000,39,2011-06-28,null,null
227,635614/0000,14,2003-11-02,null,null
228,640217/7265,17,2010-12-04,null,null
229,640401/0000,19,2009-01-14,null,null
230,640520/0000,32,2002-06-30,null,null
4103,922406/9264,31,2024-03-25 22:27:27,null,null
1139,780721/7605,32,2015-08-25,null,null
1140,780728/8445,8,2004-08-06,null,null
1141,780802/7150,25,2002-09-23,null,null
1142,780806/7971,36,2010-01-28,null,null
1143,780808/8365,4,2006-05-10,null,null
1144,780814/7600,40,2018-02-09,null,null
1145,780815/7918,4,2007-12-21,null,null
1146,780818/7970,17,2022-09-03,null,null
1147,780822/8428,16,2010-01-09,null,null
1148,780824/8074,2,2012-11-21,null,null
1149,780826/7687,4,2004-03-11,null,null
1150,780830/7397,32,2017-12-10,null,null
1151,780903/8512,2,2016-09-25,null,null
1152,780905/7597,40,2001-01-24,null,null
1153,780907/8079,37,2006-10-07,null,null
1154,780907/8277,12,2013-04-20,null,null
1155,780911/7668,29,2008-05-31,null,null
1156,780911/7888,37,2001-02-12,null,null
1157,780915/7895,1,2019-05-30,null,null
1158,780915/7928,19,2001-10-18,null,null
1159,780916/8114,36,2020-08-06,null,null
1160,780917/8091,24,2005-02-26,null,null
1161,780919/8111,32,2018-06-08,null,null
1162,780920/9650,37,2018-12-19,null,null
1163,780921/3964,9,2017-03-10,null,null
1164,780922/6953,16,2020-12-31,null,null
1165,780923/8085,40,2015-03-05,null,null
1166,780924/8436,10,2001-07-18,null,null
1167,780925/8446,13,2004-05-22,null,null
1168,780926/7961,40,2007-05-23,null,null
1169,781003/7708,22,2022-09-07,null,null
1170,781004/8323,21,2020-07-22,null,null
1171,781010/7910,36,2005-11-27,null,null
1172,781010/8669,12,2014-11-11,null,null
1173,781015/7674,8,2001-07-08,null,null
1174,781017/6726,27,2008-01-20,null,null
1175,781020/8098,13,2020-01-18,null,null
1176,781023/1770,16,2009-11-23,null,null
1177,781024/8006,25,2002-08-13,null,null
1178,781029/9167,39,2016-07-02,null,null
1179,781030/7967,4,2001-02-02,null,null
1180,781102/8489,37,2015-11-26,null,null
1181,781107/9639,38,2015-01-29,null,null
1182,781113/8093,3,2016-02-12,null,null
1183,781117/7605,10,2011-04-10,null,null
1184,781119/7680,22,2005-05-28,null,null
1185,781119/8109,26,2014-03-25,null,null
1186,781119/8450,12,2015-10-12,null,null
1187,781121/7689,8,2020-10-02,null,null
1188,781121/8283,24,2017-06-03,null,null
1189,781123/7753,40,2000-12-26,null,null
1190,781123/8094,21,2009-07-13,null,null
1191,781124/8093,11,2004-10-16,null,null
1192,781129/8088,13,2004-12-29,null,null
1193,781203/7750,11,2005-12-28,null,null
1194,781208/8097,40,2008-12-27,null,null
1195,781214/3394,3,2015-03-22,null,null
1196,781216/8419,3,2016-09-03,null,null
1197,781217/8077,6,2012-02-04,null,null
1198,781218/7757,5,2016-11-27,null,null
1199,781218/8109,21,2012-09-07,null,null
1200,781226/7540,21,2006-08-08,null,null
1201,781230/9505,1,2001-09-17,null,null
1202,785202/7623,9,2020-09-06,null,null
1203,785211/8956,3,2009-03-22,null,null
1204,785214/8238,16,2005-08-30,null,null
1205,785309/7890,12,2017-08-28,null,null
1206,785325/8457,17,2001-08-30,null,null
1207,785330/8452,13,2016-10-02,null,null
1208,785405/9400,1,2017-09-20,null,null
1209,785507/7791,31,2008-03-05,null,null
1210,785515/9026,9,2019-08-20,null,null
1211,785612/8445,16,2003-12-10,null,null
1212,785616/7627,15,2003-01-19,null,null
1213,785710/8105,32,2022-08-14,null,null
1214,785713/9411,31,2022-07-26,null,null
1215,785728/8439,6,2009-08-11,null,null
1216,785924/8947,38,2018-05-04,null,null
1217,785929/7127,1,2013-09-28,null,null
1218,786004/7283,40,2016-11-01,null,null
1219,786004/9417,23,2015-11-03,null,null
1220,786023/8441,17,2009-12-13,null,null
1221,790102/8663,21,2020-04-05,null,null
1222,790103/8288,2,2008-04-06,null,null
1223,790112/7982,36,2014-05-01,null,null
1224,790113/7926,5,2004-01-25,null,null
1225,790114/7364,20,2011-06-10,null,null
1226,790126/7748,4,2006-01-09,null,null
1227,790129/8306,22,2012-04-26,null,null
1228,790205/8252,23,2003-08-13,null,null
1229,790216/7900,23,2016-12-01,null,null
1230,790219/8458,16,2006-08-24,null,null
1231,790303/7246,27,2022-01-09,null,null
1232,790303/9056,39,2003-04-02,null,null
1233,790305/6535,20,2008-11-28,null,null
1234,790312/6770,14,2019-01-03,null,null
1235,790312/7133,31,2006-08-03,null,null
1236,790319/7797,26,2019-02-16,null,null
1237,790324/7990,17,2000-08-19,null,null
1238,790325/8396,34,2022-04-17,null,null
1239,790401/7913,1,2007-01-11,null,null
1240,790403/8472,25,2000-12-05,null,null
1241,790407/4134,14,2010-04-02,null,null
1242,790410/7706,19,2019-07-18,null,null
1243,790411/7617,10,2018-04-16,null,null
1244,790411/7892,36,2001-09-13,null,null
1245,790412/4547,6,2010-02-27,null,null
1246,790413/8363,7,2013-10-01,null,null
1247,790413/8957,13,2016-10-30,null,null
1248,790418/8160,16,2011-02-18,null,null
1249,790424/6955,9,2006-08-17,null,null
1250,790428/7633,18,2013-02-11,null,null
1251,790502/7944,4,2011-04-24,null,null
1252,790506/4651,31,2009-11-15,null,null
1253,790508/7674,19,2012-10-27,null,null
1254,790510/7760,24,2007-02-14,null,null
1255,790511/7682,30,2014-10-09,null,null
1256,790514/7767,34,2009-07-01,null,null
1257,790521/9069,26,2003-02-14,null,null
1258,790528/7533,13,2019-01-07,null,null
1259,790529/7257,14,2018-06-15,null,null
1260,790530/8411,7,2001-08-02,null,null
1261,790531/8058,7,2021-09-19,null,null
1262,790601/7845,25,2014-03-18,null,null
1263,790601/8439,33,2008-12-07,null,null
1264,790605/7610,20,2000-05-26,null,null
1265,790607/7487,19,2000-11-27,null,null
1266,790608/7904,36,2003-08-18,null,null
1267,790610/7770,1,2013-03-21,null,null
1268,790617/7895,27,2017-04-27,null,null
1269,790618/8312,2,2014-04-22,null,null
1270,790618/8466,29,2019-02-26,null,null
1271,790622/7747,4,2015-12-08,null,null
1272,790625/7513,14,2007-07-11,null,null
1273,790625/8283,18,2020-11-22,null,null
1274,790627/7159,38,2015-10-17,null,null
1275,790630/8487,10,2021-05-31,null,null
1276,790701/8075,19,2003-08-24,null,null
1277,790703/8436,21,2012-01-01,null,null
1278,790705/8379,26,2002-12-17,null,null
1279,790709/7891,12,2014-03-29,null,null
1280,790710/5547,1,2002-03-21,null,null
1281,790712/9164,7,2017-03-07,null,null
1282,790715/7038,10,2019-07-07,null,null
1283,790715/8776,29,2020-10-10,null,null
1284,790720/7858,3,2009-01-03,null,null
1285,790727/7180,18,2020-06-23,null,null
1286,790806/9202,35,2007-06-19,null,null
1287,790807/8090,16,2015-04-06,null,null
1288,790808/7902,10,2009-10-27,null,null
1289,790810/2895,34,2013-05-18,null,null
1290,790822/9186,33,2018-03-20,null,null
1291,790829/7782,32,2007-03-13,null,null
1292,790831/6724,24,2002-08-28,null,null
1293,790831/8132,9,2000-03-31,null,null
1294,790901/7985,4,2017-01-24,null,null
1295,790902/8435,35,2021-04-20,null,null
1296,790905/8102,26,2013-07-06,null,null
1297,790907/7748,35,2018-08-27,null,null
1298,790908/8077,39,2003-04-13,null,null
1299,790909/7669,23,2021-05-04,null,null
1300,790914/8445,1,2003-11-04,null,null
1301,790916/8443,25,2014-06-27,null,null
1302,790918/7198,27,2005-08-04,null,null
1303,790919/9397,19,2013-04-07,null,null
1304,790921/7690,32,2018-07-24,null,null
1305,790928/4053,8,2003-08-02,null,null
1306,791002/7730,17,2016-10-14,null,null
1307,791002/8280,33,2003-07-22,null,null
1308,791004/7145,30,2020-08-16,null,null
1309,791004/8465,14,2017-12-18,null,null
1310,791005/6957,22,2004-05-10,null,null
1311,791010/7018,29,2002-10-10,null,null
1312,791015/8080,2,2017-03-05,null,null
1313,791031/7338,13,2001-05-09,null,null
1314,791104/7606,39,2004-02-02,null,null
1315,791106/3402,30,2018-12-01,null,null
1316,791106/8440,14,2006-04-05,null,null
1317,791108/7316,14,2006-11-09,null,null
1318,791113/8114,39,2005-04-09,null,null
1319,791114/8454,5,2014-06-24,null,null
1320,791122/7676,16,2010-01-21,null,null
1321,791127/9189,28,2016-08-11,null,null
1322,791128/7758,18,2020-10-25,null,null
1323,791207/7624,21,2007-12-21,null,null
1324,791219/8415,37,2002-11-01,null,null
1325,791219/8448,25,2018-09-29,null,null
1326,791228/7592,14,2015-08-20,null,null
1327,791228/7889,40,2020-04-01,null,null
1328,791230/6688,31,2005-04-02,null,null
1329,795117/8422,8,2000-03-29,null,null
1330,795119/7782,31,2014-07-23,null,null
1331,795221/8494,17,2002-03-31,null,null
1332,795309/9242,29,2003-06-16,null,null
1333,795318/7682,19,2020-04-03,null,null
1334,795326/8323,39,2002-08-17,null,null
1335,795330/7175,22,2022-05-07,null,null
1336,795406/8430,35,2001-05-27,null,null
1337,795410/7634,11,2003-03-11,null,null
1338,795413/8291,12,2007-08-29,null,null
1339,795505/7264,15,2008-01-23,null,null
1340,795506/8440,25,2017-03-20,null,null
1341,795515/8013,24,2022-06-07,null,null
1342,795526/7595,39,2004-10-30,null,null
1343,795709/7786,35,2021-03-14,null,null
1344,795712/8080,18,2010-06-20,null,null
1345,795727/6712,13,2009-09-27,null,null
1346,795817/6754,18,2013-08-22,null,null
1347,795819/6697,9,2018-05-21,null,null
1348,795823/8079,12,2018-10-18,null,null
1349,795829/8436,2,2010-04-07,null,null
1350,795915/8416,4,2011-08-10,null,null
1351,796020/8102,15,2016-02-23,null,null
1352,796101/9418,24,2008-09-27,null,null
1353,796213/9339,39,2000-05-02,null,null
1354,796220/8474,21,2016-07-20,null,null
1355,800101/8091,22,2022-02-15,null,null
1356,800102/8024,1,2003-05-10,null,null
1357,800109/6070,18,2013-09-21,null,null
1358,800110/6564,39,2007-12-01,null,null
1359,800112/9521,6,2014-12-25,null,null
1360,800118/7711,38,2016-04-21,null,null
1361,800118/7909,30,2008-02-01,null,null
1362,800120/7126,20,2021-01-17,null,null
1363,800121/6828,26,2013-06-04,null,null
1364,800121/7268,25,2008-09-03,null,null
1365,800206/8085,30,2021-06-12,null,null
1366,800211/7838,40,2007-03-28,null,null
1367,800212/7903,5,2010-04-04,null,null
1368,800220/7323,21,2020-05-09,null,null
1369,800220/8445,1,2011-08-08,null,null
1370,800222/7332,18,2019-09-10,null,null
1371,800223/8497,3,2000-02-16,null,null
1372,800224/8001,12,2021-11-06,null,null
1373,800225/6636,3,2007-03-06,null,null
1374,800226/7988,24,2018-09-20,null,null
1375,800306/7281,40,2002-11-01,null,null
1376,800309/8125,10,2018-11-30,null,null
1377,800310/7123,31,2015-06-22,null,null
1378,800313/7241,7,2021-03-03,null,null
1379,800314/9451,2,2005-09-09,null,null
1380,800319/8137,18,2016-08-28,null,null
1381,800329/7258,25,2014-06-15,null,null
1382,800331/8301,7,2014-01-25,null,null
1383,800331/8444,15,2005-04-17,null,null
1384,800401/7747,38,2004-02-08,null,null
1385,800403/6964,36,2009-03-31,null,null
1386,800403/8097,3,2002-01-31,null,null
1387,800404/8437,13,2003-04-28,null,null
1388,800410/9344,21,2022-01-30,null,null
1389,800413/8087,15,2004-12-23,null,null
1390,800415/7706,16,2008-11-11,null,null
1391,800417/8435,7,2006-05-07,null,null
1392,800420/7916,15,2002-05-09,null,null
1393,800420/7970,7,2016-10-29,null,null
1394,800422/8419,35,2022-09-26,null,null
1395,800425/7679,28,2007-02-26,null,null
1396,800425/8438,37,2020-06-13,null,null
1397,800426/6545,38,2020-03-29,null,null
1398,800429/7895,25,2018-04-17,null,null
1399,800430/6629,29,2018-06-20,null,null
1400,800502/7470,12,2006-11-01,null,null
1401,800502/7690,24,2007-11-29,null,null
1402,800503/7073,30,2011-10-09,null,null
1403,800504/7160,14,2002-02-10,null,null
1404,800506/7906,19,2012-03-31,null,null
1405,800507/7938,16,2018-02-08,null,null
1406,800508/7376,30,2013-04-25,null,null
1407,800508/8487,21,2007-04-10,null,null
1408,800510/7715,2,2005-09-06,null,null
1409,800511/7153,35,2013-10-18,null,null
1410,800515/6280,14,2005-07-09,null,null
1411,800515/7193,27,2003-10-15,null,null
1412,800515/8029,19,2004-03-27,null,null
1413,800516/7522,26,2011-01-24,null,null
1414,800516/7764,29,2004-03-04,null,null
1415,800516/8171,2,2007-05-23,null,null
1416,800518/8081,34,2006-10-21,null,null
1417,800522/7890,1,2021-08-31,null,null
1418,800522/8077,5,2012-07-25,null,null
1419,800526/7611,9,2013-05-26,null,null
1420,800530/7497,23,2021-07-15,null,null
1421,800601/7371,5,2008-03-25,null,null
1422,800604/8424,34,2002-02-15,null,null
1423,800610/7197,19,2016-05-14,null,null
1424,800610/7890,18,2011-12-09,null,null
1425,800613/7590,8,2012-04-19,null,null
1426,800614/7941,11,2000-09-20,null,null
1427,800615/7269,11,2021-09-02,null,null
1428,800617/6552,37,2010-11-13,null,null
1429,800617/6772,35,2022-10-09,null,null
1430,800617/7993,6,2012-12-29,null,null
1431,800618/8476,34,2018-07-21,null,null
1432,800623/7008,14,2004-05-17,null,null
1433,800625/6170,30,2012-10-26,null,null
1434,800626/8281,23,2006-07-07,null,null
1435,800626/9480,27,2016-06-25,null,null
1436,800627/7752,34,2011-02-20,null,null
1437,800629/8432,33,2019-10-30,null,null
1438,800630/9069,29,2018-03-14,null,null
1439,800701/7183,35,2002-01-03,null,null
1440,800701/9064,25,2017-12-13,null,null
1441,800703/7335,21,2009-08-27,null,null
1442,800703/9194,17,2016-08-22,null,null
1443,800703/9348,10,2021-02-11,null,null
1444,800704/7070,6,2001-08-15,null,null
1445,800704/7675,39,2001-02-08,null,null
1446,800707/8090,23,2014-05-23,null,null
1447,800707/9520,32,2022-05-22,null,null
1448,800708/7891,28,2018-10-03,null,null
1449,800710/7592,38,2002-06-17,null,null
1450,800711/8108,38,2010-08-23,null,null
1451,800712/8096,18,2010-10-01,null,null
1452,800712/9042,20,2012-06-26,null,null
1453,800713/7402,24,2016-01-06,null,null
1454,800714/7907,28,2012-03-22,null,null
1455,800715/6784,14,2013-05-26,null,null
1456,800718/7892,38,2018-12-28,null,null
1457,800718/8310,32,2003-04-08,null,null
1458,800720/7670,12,2015-10-21,null,null
1459,800723/7073,15,2004-12-28,null,null
1460,800726/8434,34,2009-10-15,null,null
1461,800728/8443,11,2004-05-12,null,null
1462,800731/6097,10,2007-03-27,null,null
1464,800801/8744,34,2006-03-15,null,null
1465,800802/7093,22,2009-09-13,null,null
1466,800802/8094,14,2015-01-15,null,null
1467,800803/8423,38,2018-04-22,null,null
1468,800807/7946,34,2002-07-08,null,null
1469,800808/8011,28,2014-09-16,null,null
1470,800808/8418,12,2017-07-31,null,null
1471,800809/7218,39,2014-03-07,null,null
1472,800809/8142,6,2020-07-04,null,null
1473,800811/7172,8,2011-05-21,null,null
1474,800811/8470,5,2004-01-20,null,null
1475,800815/7916,30,2005-03-30,null,null
1476,800815/8301,17,2017-05-05,null,null
1477,800817/7903,9,2013-04-09,null,null
1478,800817/7980,15,2000-03-23,null,null
1479,800818/8419,29,2016-12-27,null,null
1480,800819/6614,16,2004-07-07,null,null
1481,800819/7989,34,2007-02-14,null,null
1482,800819/8429,35,2011-09-16,null,null
1483,800820/7592,6,2006-08-26,null,null
1484,800821/8471,17,2013-12-25,null,null
1485,800823/7996,30,2004-10-17,null,null
1486,800825/7752,12,2011-11-15,null,null
1487,800827/7684,31,2017-05-18,null,null
1488,800828/5274,20,2004-04-20,null,null
1489,800829/7594,33,2012-10-25,null,null
1490,800830/6779,8,2005-06-05,null,null
1491,800830/7747,4,2000-08-04,null,null
1492,800831/9638,13,2011-11-10,null,null
1493,800901/7610,12,2009-01-09,null,null
1494,800905/7672,15,2002-12-18,null,null
1495,800907/7230,8,2010-10-10,null,null
1496,800908/8318,8,2012-12-04,null,null
1497,800910/7370,20,2002-11-10,null,null
1498,800910/7700,15,2019-05-27,null,null
1499,800911/7512,2,2000-10-31,null,null
1500,800911/7710,7,2017-10-29,null,null
1501,800913/7994,31,2018-12-23,null,null
1502,800913/8610,16,2002-04-17,null,null
1503,800914/7388,36,2008-04-27,null,null
1504,800922/7028,35,2010-09-09,null,null
1505,800924/8676,15,2017-03-13,null,null
1506,800926/7783,7,2009-10-06,null,null
1507,800927/8475,40,2005-03-02,null,null
1508,801001/7983,17,2009-06-05,null,null
1509,801005/8419,29,2004-12-07,null,null
1510,801007/9077,19,2016-05-14,null,null
1511,801010/7270,10,2017-05-22,null,null
1512,801011/8600,22,2005-05-29,null,null
1513,801018/7669,37,2009-03-04,null,null
1514,801019/0144,16,2004-12-31,null,null
1516,801021/7765,26,2012-09-28,null,null
1517,801022/8589,21,2012-05-20,null,null
1518,801023/7136,35,2007-04-13,null,null
1519,801024/8290,19,2015-06-01,null,null
1520,801025/7750,34,2014-01-08,null,null
1521,801025/8377,9,2016-02-02,null,null
1522,801025/8443,28,2005-07-01,null,null
1523,801028/8088,31,2012-03-10,null,null
1524,801102/7476,39,2007-03-05,null,null
1525,801103/7254,18,2013-03-05,null,null
1526,801103/8002,16,2004-08-13,null,null
1527,801103/8420,26,2005-02-28,null,null
1528,801106/8098,38,2013-07-11,null,null
1529,801106/8120,6,2007-08-18,null,null
1530,801107/7613,4,2016-12-13,null,null
1531,801108/8415,34,2002-11-15,null,null
1532,801109/7028,10,2005-09-24,null,null
1533,801115/8419,7,2021-07-13,null,null
1534,801117/8373,15,2013-11-14,null,null
1535,801118/6227,21,2004-01-29,null,null
1536,801118/6711,33,2012-07-10,null,null
1537,801118/7492,28,2015-02-14,null,null
1538,801118/8493,37,2002-11-07,null,null
1539,801118/9560,19,2002-11-15,null,null
1540,801119/8668,4,2020-09-27,null,null
1541,801121/7291,27,2018-06-24,null,null
1542,801122/8632,15,2015-09-14,null,null
1543,801123/7982,32,2019-05-23,null,null
1544,801126/8100,37,2019-03-31,null,null
1545,801128/8131,16,2001-06-25,null,null
1546,801129/7987,15,2009-01-26,null,null
1547,801130/8415,1,2013-08-28,null,null
1548,801204/7142,11,2000-08-01,null,null
1549,801204/7263,6,2002-02-25,null,null
1550,801207/7667,5,2006-05-27,null,null
1551,801215/7626,8,2003-11-13,null,null
1552,801217/6172,25,2016-11-01,null,null
1553,801218/7766,2,2019-09-24,null,null
1554,801220/6796,18,2013-02-02,null,null
1555,801220/9667,38,2007-03-17,null,null
1556,801226/8484,13,2018-11-20,null,null
1557,801227/7328,21,2000-12-12,null,null
1558,801227/8989,28,2009-07-04,null,null
1559,801229/7381,35,2004-08-23,null,null
1560,805103/8413,22,2020-08-17,null,null
1561,805106/8003,27,2002-08-01,null,null
1562,805108/8441,10,2007-04-28,null,null
1563,805111/7767,33,2013-03-28,null,null
1564,805113/7897,32,2013-08-17,null,null
1565,805116/7377,34,2017-04-04,null,null
1566,805125/7687,33,2002-07-02,null,null
1567,805214/7785,34,2013-01-27,null,null
1568,805301/8336,21,2016-01-23,null,null
1569,805320/7613,32,2021-02-04,null,null
1570,805320/8361,1,2015-01-29,null,null
1571,805406/8451,1,2019-11-01,null,null
1572,805425/8454,38,2005-04-30,null,null
1573,805429/8417,6,2003-11-02,null,null
1574,805502/7904,2,2015-01-04,null,null
1575,805508/8437,22,2005-04-03,null,null
1576,805529/8416,30,2001-05-19,null,null
1577,805605/8274,35,2011-01-03,null,null
1578,805611/8730,32,2011-05-12,null,null
1579,805617/7910,38,2007-11-04,null,null
1580,805624/9388,31,2003-08-18,null,null
1581,805625/7649,6,2018-08-19,null,null
1582,805709/8291,18,2004-01-21,null,null
1583,805709/8412,26,2002-10-02,null,null
1584,805725/9034,14,2003-03-09,null,null
1585,805807/7973,38,2005-06-27,null,null
1586,805812/8452,16,2016-07-24,null,null
1587,805813/7747,15,2018-11-29,null,null
1588,805817/7633,2,2014-11-04,null,null
1589,805819/8445,30,2002-05-07,null,null
1590,805829/8952,10,2021-11-26,null,null
1591,805901/9529,4,2021-10-09,null,null
1592,805923/8418,1,2009-02-20,null,null
1593,806004/8469,30,2022-06-14,null,null
1594,806028/7147,1,2011-06-20,null,null
1595,806209/7670,35,2017-02-13,null,null
1596,806219/8078,32,2016-06-17,null,null
1597,806220/9507,37,2007-11-09,null,null
1598,806227/6695,5,2010-07-27,null,null
1599,810101/8079,36,2007-09-18,null,null
1600,810102/8078,10,2009-02-20,null,null
1601,810103/7769,32,2002-02-12,null,null
1602,810103/8121,13,2019-07-13,null,null
1603,810109/8467,28,2008-10-23,null,null
1604,810110/7399,33,2010-03-25,null,null
1605,810110/7784,15,2007-01-29,null,null
1606,810111/2052,3,2005-04-06,null,null
1607,810111/8113,12,2017-03-01,null,null
1608,810112/8277,14,2013-12-09,null,null
1609,810112/8299,18,2005-02-24,null,null
1610,810114/7901,14,2003-04-11,null,null
1611,810114/8451,28,2005-10-27,null,null
1612,810115/7141,39,2020-09-08,null,null
1613,810116/9153,9,2006-02-02,null,null
1614,810117/7755,8,2019-04-25,null,null
1615,810118/9393,37,2008-11-13,null,null
1616,810120/7257,2,2019-06-24,null,null
1617,810120/8016,16,2004-12-27,null,null
1618,810120/8082,9,2022-03-20,null,null
1619,810120/8434,31,2021-10-31,null,null
1620,810120/9644,2,2004-04-13,null,null
1621,810122/7981,11,2021-11-01,null,null
1622,810122/8234,11,2014-08-31,null,null
1623,810125/7483,19,2014-06-21,null,null
1624,810126/7922,3,2012-06-22,null,null
1625,810128/7975,15,2017-08-29,null,null
1626,810130/7225,39,2021-07-03,null,null
1627,810130/8435,20,2017-02-20,null,null
1628,810201/6681,36,2017-05-09,null,null
1629,810201/7682,6,2004-03-03,null,null
1630,810202/7164,20,2020-10-05,null,null
1631,810204/7140,39,2004-11-28,null,null
1632,810204/7745,24,2013-08-06,null,null
1633,810205/8437,19,2007-03-15,null,null
1634,810206/8425,27,2007-11-25,null,null
1635,810210/6793,36,2000-03-24,null,null
1636,810210/8432,17,2000-05-23,null,null
1637,810211/7782,35,2011-12-07,null,null
1638,810213/7923,10,2005-05-03,null,null
1639,810214/0000,39,2002-09-03,null,null
1640,810214/7526,28,2020-01-13,null,null
1641,810218/9062,7,2006-06-26,null,null
1642,810219/7917,29,2000-10-22,null,null
1643,810221/8421,18,2000-09-27,null,null
1644,810224/7230,21,2003-07-18,null,null
1645,810224/7604,38,2011-02-28,null,null
1646,810225/7152,38,2022-03-23,null,null
1647,810225/9044,29,2015-07-19,null,null
1648,810226/7085,29,2020-07-21,null,null
1649,810226/8416,33,2022-06-05,null,null
1650,810301/7351,37,2007-11-19,null,null
1651,810304/8426,28,2010-04-25,null,null
1652,810305/8315,16,2019-04-18,null,null
1653,810307/7730,1,2021-08-18,null,null
1654,810308/7157,5,2019-05-08,null,null
1655,810308/8433,14,2005-09-22,null,null
1656,810309/8278,35,2012-10-09,null,null
1657,810309/8443,38,2009-11-26,null,null
1658,810310/8244,2,2003-03-17,null,null
1659,810311/7759,30,2012-05-15,null,null
1660,810311/8441,4,2017-03-13,null,null
1661,810318/8082,15,2006-02-08,null,null
1662,810320/7893,34,2017-02-23,null,null
1663,810320/8454,16,2009-02-25,null,null
1664,810320/8795,29,2021-08-12,null,null
1665,810321/7969,37,2007-11-02,null,null
1666,810322/8683,10,2013-09-05,null,null
1667,810323/7670,33,2003-12-16,null,null
1668,810323/7967,26,2020-08-25,null,null
1669,810323/8616,29,2014-02-24,null,null
1670,810327/7699,22,2003-04-03,null,null
1671,810328/7599,22,2022-03-10,null,null
1672,810330/7982,21,2001-11-19,null,null
1673,810331/9411,34,2004-05-27,null,null
1674,810407/7509,39,2010-08-11,null,null
1675,810408/8333,39,2003-04-10,null,null
1676,810410/6923,30,2006-03-12,null,null
1677,810410/7495,23,2002-05-31,null,null
1678,810410/7726,34,2020-08-09,null,null
1679,810414/7898,36,2015-06-28,null,null
1680,810418/1961,40,2018-11-09,null,null
1681,810420/6886,36,2010-10-25,null,null
1682,810421/7682,12,2010-08-16,null,null
1683,810423/1036,32,2005-05-27,null,null
1684,810423/8428,27,2015-11-03,null,null
1685,810423/9517,30,2022-01-08,null,null
1686,810424/8075,6,2014-12-03,null,null
1687,810424/8416,34,2011-02-01,null,null
1688,810425/7997,37,2008-06-18,null,null
1689,810428/8511,20,2002-01-18,null,null
1690,810429/8301,37,2007-08-14,null,null
1691,810430/7552,29,2002-08-19,null,null
1692,810430/7981,10,2004-01-06,null,null
1693,810501/7679,4,2011-02-10,null,null
1694,810501/8416,23,2012-01-31,null,null
1695,810502/7700,12,2015-09-11,null,null
1696,810505/7378,8,2009-02-03,null,null
1697,810506/7773,31,2022-09-07,null,null
1698,810506/7894,37,2007-06-11,null,null
1699,810508/0000,11,2004-02-06,null,null
1700,810508/9080,16,2000-06-04,null,null
1701,810509/9057,22,2012-06-29,null,null
1702,810510/7373,3,2008-08-30,null,null
1703,810510/7978,30,2021-05-02,null,null
1704,810510/8077,3,2021-03-30,null,null
1705,810512/7481,38,2000-10-16,null,null
1706,810520/7605,7,2011-12-06,null,null
1707,810520/8683,36,2018-11-01,null,null
1708,810521/7384,35,2015-04-11,null,null
1709,810524/7040,2,2006-07-15,null,null
1710,810525/7721,11,2012-06-10,null,null
1711,810525/8436,19,2020-09-03,null,null
1712,810528/7630,40,2007-10-23,null,null
1713,810528/8422,5,2004-01-25,null,null
1714,810529/7222,29,2020-08-17,null,null
1715,810601/6699,10,2020-01-06,null,null
1716,810603/7632,22,2020-06-27,null,null
1717,810604/7928,36,2014-10-22,null,null
1718,810604/8434,17,2011-06-18,null,null
1719,810606/6771,1,2009-10-27,null,null
1720,810606/7530,12,2005-07-01,null,null
1721,810607/0000,24,2018-06-30,null,null
1722,810609/8440,8,2009-01-06,null,null
1723,810610/0000,6,2020-01-22,null,null
1724,810614/8083,40,2001-12-06,null,null
1725,810615/8423,26,2005-03-29,null,null
1726,810615/8830,29,2017-09-16,null,null
1727,810617/8278,33,2008-11-08,null,null
1728,810617/8432,31,2000-05-18,null,null
1729,810617/8465,11,2021-08-10,null,null
1730,810619/8012,1,2019-07-30,null,null
1731,810620/7593,34,2020-01-28,null,null
1732,810620/8121,13,2013-05-09,null,null
1733,810622/8075,40,2016-03-23,null,null
1734,810626/7499,14,2002-10-02,null,null
1735,810629/7122,18,2022-07-04,null,null
1736,810629/7287,10,2019-06-27,null,null
1737,810629/8101,32,2007-04-06,null,null
1738,810630/7803,18,2008-06-30,null,null
1739,810703/7642,26,2019-12-31,null,null
1740,810706/7914,26,2000-05-30,null,null
1741,810706/8277,7,2017-05-01,null,null
1742,810706/8464,39,2014-01-18,null,null
1743,810707/9365,20,2008-03-21,null,null
1744,810708/8451,14,2022-05-07,null,null
1745,810710/7063,26,2020-07-27,null,null
1746,810711/8228,14,2012-05-21,null,null
1747,810712/6137,13,2012-02-02,null,null
1748,810714/7224,6,2022-10-30,null,null
1749,810715/8411,34,2010-08-09,null,null
1750,810716/8091,7,2016-07-08,null,null
1751,810718/7704,20,2006-04-08,null,null
1752,810718/8419,12,2021-06-11,null,null
1753,810719/7901,19,2002-05-07,null,null
1754,810722/7227,19,2002-08-31,null,null
1755,810722/8448,31,2004-06-08,null,null
1756,810723/8304,30,2009-08-26,null,null
1757,810724/7731,29,2020-08-08,null,null
1758,810724/8435,3,2011-11-28,null,null
1759,810726/8400,15,2019-08-27,null,null
1760,810727/7486,19,2010-11-05,null,null
1761,810727/9389,24,2017-07-05,null,null
1762,810728/7639,26,2019-03-13,null,null
1763,810729/7990,31,2007-02-14,null,null
1764,810729/8452,6,2000-09-24,null,null
1765,810731/7130,28,2001-10-03,null,null
1766,810731/8417,21,2018-01-22,null,null
1767,810731/8439,33,2012-03-27,null,null
1768,810801/7159,7,2021-09-21,null,null
1769,810801/9656,10,2004-09-26,null,null
1770,810802/6168,24,2013-04-01,null,null
1771,810802/8445,35,2000-01-16,null,null
1772,810803/7674,1,2021-01-09,null,null
1773,810804/8432,2,2012-01-24,null,null
1774,810804/8443,8,2005-09-18,null,null
1775,810806/7979,5,2022-06-13,null,null
1776,810807/8099,23,2001-06-02,null,null
1777,810809/6546,16,2018-02-11,null,null
1778,810811/7160,32,2001-12-28,null,null
1779,810816/7507,28,2006-07-18,null,null
1780,810817/7891,15,2011-03-11,null,null
1781,810818/8462,16,2013-06-18,null,null
1782,810821/7755,16,2005-12-23,null,null
1783,810824/7136,33,2022-05-24,null,null
1784,810824/8126,29,2002-04-08,null,null
1785,810825/7498,29,2006-08-12,null,null
1786,810826/7772,39,2006-02-04,null,null
1787,810827/7232,40,2013-10-19,null,null
1788,810830/7977,30,2001-03-24,null,null
1789,810903/7893,38,2008-01-04,null,null
1790,810903/8960,24,2000-09-06,null,null
1791,810906/6768,8,2019-11-22,null,null
1792,810908/5512,10,2015-01-22,null,null
1793,810908/8086,18,2018-11-17,null,null
1794,810908/8427,29,2012-02-28,null,null
1795,810909/7271,10,2011-09-24,null,null
1796,810909/8074,2,2006-03-02,null,null
1797,810911/7170,27,2000-11-08,null,null
1798,810911/8116,34,2008-12-31,null,null
1799,810913/7971,12,2000-10-06,null,null
1800,810914/7519,38,2002-08-18,null,null
1801,810914/8421,16,2013-03-05,null,null
1802,810914/8432,14,2012-02-07,null,null
1803,810916/8100,37,2005-01-20,null,null
1804,810917/8297,20,2007-12-01,null,null
1805,810922/7698,22,2014-10-23,null,null
1806,810922/8963,11,2006-10-20,null,null
1807,810923/7609,38,2010-11-11,null,null
1808,810924/7674,6,2022-06-01,null,null
1809,810924/8422,14,2020-10-31,null,null
1810,810924/8675,33,2019-09-06,null,null
1811,810925/8102,37,2015-12-12,null,null
1812,810926/8420,40,2002-08-17,null,null
1813,810929/8065,5,2005-05-19,null,null
1814,810929/8417,38,2011-03-10,null,null
1815,810930/7888,4,2020-03-29,null,null
1816,810930/8086,2,2005-02-03,null,null
1817,811001/8004,14,2008-12-30,null,null
1818,811003/7903,24,2002-09-27,null,null
1819,811004/9035,29,2020-07-07,null,null
1820,811006/7603,25,2012-06-14,null,null
1821,811007/8449,39,2010-04-02,null,null
1822,811009/0000,24,2011-11-20,null,null
1823,811011/7708,7,2005-10-30,null,null
1824,811011/7785,24,2018-02-04,null,null
1825,811011/7840,33,2018-11-20,null,null
1826,811012/7124,24,2017-01-12,null,null
1827,811012/9346,29,2013-01-09,null,null
1828,811014/7694,34,2000-11-12,null,null
1829,811016/8968,40,2000-01-06,null,null
1830,811017/7977,15,2013-07-08,null,null
1831,811021/7896,32,2021-01-15,null,null
1832,811022/8093,25,2001-06-18,null,null
1833,811024/7970,25,2004-01-31,null,null
1834,811026/7066,15,2017-11-23,null,null
1835,811029/7712,34,2008-11-17,null,null
1836,811029/8075,5,2018-03-07,null,null
1837,811031/7688,35,2011-06-15,null,null
1838,811106/8086,34,2021-09-11,null,null
1839,811114/7594,9,2021-11-25,null,null
1840,811114/8089,36,2007-02-08,null,null
1841,811115/6130,12,2017-04-02,null,null
1842,811115/6878,31,2010-09-06,null,null
1843,811115/8451,38,2012-05-19,null,null
1844,811117/6689,25,2003-01-31,null,null
1845,811122/7080,29,2014-08-09,null,null
1846,811125/1111,31,2004-08-04,null,null
1847,811126/7505,31,2006-02-21,null,null
1848,811127/7372,27,2002-06-28,null,null
1849,811130/8238,36,2003-01-11,null,null
1850,811130/8447,10,2022-06-05,null,null
1851,811202/7594,15,2008-01-20,null,null
1852,811204/7669,1,2014-05-25,null,null
1853,811204/7768,1,2009-05-23,null,null
1854,811205/8097,24,2007-09-27,null,null
1855,811205/8460,39,2012-10-17,null,null
1856,811207/7688,27,2002-08-13,null,null
1857,811207/8953,15,2004-05-19,null,null
1858,811208/8457,12,2015-08-10,null,null
1859,811209/8478,23,2009-10-07,null,null
1860,811211/7893,40,2020-03-23,null,null
1861,811211/7992,3,2018-02-04,null,null
1862,811212/6792,38,2014-04-07,null,null
1863,811213/7066,28,2003-02-21,null,null
1864,811213/8595,11,2005-12-23,null,null
1865,811215/8428,10,2010-05-07,null,null
1866,811216/7756,35,2004-02-11,null,null
1867,811217/7667,6,2005-10-12,null,null
1868,811218/7512,34,2011-10-25,null,null
1869,811224/8419,9,2021-08-27,null,null
1870,811224/8595,12,2017-12-28,null,null
1871,811224/9398,38,2007-08-05,null,null
1872,811226/7240,11,2017-08-18,null,null
1873,811229/7688,15,2000-07-01,null,null
1874,815111/7590,35,2020-10-13,null,null
1875,815119/0000,17,2017-01-17,null,null
1876,815130/8946,26,2022-04-23,null,null
1877,815203/8389,34,2010-01-20,null,null
1878,815208/8945,15,2019-10-30,null,null
1879,815211/7556,15,2014-01-22,null,null
1880,815214/8378,17,2001-08-04,null,null
1881,815218/7714,11,2003-10-31,null,null
1882,815223/8380,35,2009-08-01,null,null
1883,815309/8173,12,2013-02-19,null,null
1884,815323/7620,35,2012-10-26,null,null
1885,815327/7506,33,2012-09-25,null,null
1886,815403/7133,33,2014-12-25,null,null
1887,815404/7968,29,2001-04-02,null,null
1888,815410/7841,25,2022-01-24,null,null
1889,815413/7893,13,2022-06-25,null,null
1890,815506/5677,12,2001-02-04,null,null
1891,815516/9275,29,2009-03-27,null,null
1892,815616/8009,16,2020-05-24,null,null
1893,815617/9152,15,2006-03-26,null,null
1894,815623/8024,39,2015-04-14,null,null
1895,815716/7810,8,2008-02-28,null,null
1896,815718/6774,5,2013-12-24,null,null
1897,815731/7971,22,2000-09-24,null,null
1898,815803/9395,35,2015-06-14,null,null
1899,815806/7687,18,2012-03-29,null,null
1900,815815/7062,34,2002-03-15,null,null
1901,815817/7687,32,2006-09-28,null,null
1902,815827/8128,39,2005-08-19,null,null
1903,815903/7755,40,2002-01-22,null,null
1904,815907/7597,33,2022-08-10,null,null
1905,815916/8105,14,2011-12-01,null,null
1906,815920/7914,15,2019-08-29,null,null
1907,815920/8079,11,2007-07-29,null,null
1908,815924/7767,19,2011-06-14,null,null
1909,815930/7948,1,2021-01-26,null,null
1910,816006/8114,39,2001-08-13,null,null
1911,816013/7139,33,2000-03-25,null,null
1912,816104/7994,32,2014-05-02,null,null
1913,816121/7889,4,2004-03-19,null,null
1914,816206/9476,36,2022-09-30,null,null
1915,820101/8452,22,2013-02-27,null,null
1916,820102/8341,15,2009-03-16,null,null
1917,820104/8460,20,2011-07-03,null,null
1918,820108/7521,23,2013-07-21,null,null
1919,820109/6783,19,2011-07-21,null,null
1920,820109/7696,5,2003-06-14,null,null
1921,820109/7894,13,2017-09-27,null,null
1922,820110/7618,24,2006-11-29,null,null
1923,820110/7893,36,2001-08-27,null,null
1924,820111/8431,4,2019-01-08,null,null
1925,820113/9177,36,2020-11-11,null,null
1926,820114/7834,9,2005-06-17,null,null
1927,820115/8471,22,2003-01-27,null,null
1928,820118/8094,12,2017-02-28,null,null
1929,820118/8446,8,2000-10-09,null,null
1930,820118/8479,14,2007-03-08,null,null
1931,820119/6256,19,2008-05-19,null,null
1932,820120/9082,38,2005-07-10,null,null
1933,820121/6683,1,2003-05-23,null,null
1934,820122/9069,30,2022-04-05,null,null
1935,820123/7682,1,2012-07-27,null,null
1936,820128/8447,3,2005-08-28,null,null
1937,820129/7368,32,2019-06-03,null,null
1938,820129/8028,19,2015-12-11,null,null
1939,820129/8622,17,2018-09-24,null,null
1940,820130/7521,38,2008-05-02,null,null
1941,820201/8429,22,2001-03-19,null,null
1942,820202/6921,12,2014-05-08,null,null
1943,820203/7393,7,2019-10-16,null,null
1944,820203/8416,14,2017-09-29,null,null
1945,820204/8426,20,2010-03-04,null,null
1946,820205/7127,34,2008-08-07,null,null
1947,820206/9117,22,2008-09-27,null,null
1948,820208/8422,32,2007-12-13,null,null
1949,820209/7508,19,2008-01-31,null,null
1950,820211/7968,25,2021-03-15,null,null
1951,820213/8945,14,2001-09-22,null,null
1952,820215/7392,9,2012-10-19,null,null
1953,820215/8371,26,2017-08-06,null,null
1954,820216/7930,7,2001-10-20,null,null
1955,820216/9404,14,2022-08-11,null,null
1956,820219/7234,8,2003-11-23,null,null
1957,820220/9290,29,2012-06-11,null,null
1958,820224/5689,31,2010-08-16,null,null
1959,820224/7977,30,2014-07-15,null,null
1960,820224/7988,36,2020-08-30,null,null
1961,820224/8428,1,2013-10-16,null,null
1962,820225/7833,6,2009-03-27,null,null
1963,820227/7677,28,2008-12-14,null,null
1964,820302/7591,30,2013-11-24,null,null
1965,820302/8427,38,2002-01-27,null,null
1966,820303/7689,29,2001-03-12,null,null
1967,820304/7270,20,2007-07-20,null,null
1968,820306/7246,34,2021-11-14,null,null
1969,820307/7498,38,2001-02-26,null,null
1970,820309/7749,38,2014-06-23,null,null
1971,820310/8166,37,2018-07-07,null,null
1972,820311/6130,6,2007-07-26,null,null
1973,820311/8484,28,2015-04-25,null,null
1974,820312/7636,5,2005-08-12,null,null
1975,820312/7757,40,2022-04-09,null,null
1976,820313/0000,20,2001-11-15,null,null
1977,820313/5556,22,2017-06-02,null,null
1978,820313/6975,34,2001-05-28,null,null
1979,820315/7480,27,2018-02-10,null,null
1980,820316/7126,13,2021-02-28,null,null
1981,820318/8587,37,2013-02-06,null,null
1982,820321/1720,16,2020-10-02,null,null
1983,820321/6604,39,2017-06-19,null,null
1984,820321/7770,16,2019-05-31,null,null
1985,820323/7977,11,2020-12-16,null,null
1986,820326/7842,23,2003-04-23,null,null
1987,820326/8447,36,2009-09-02,null,null
1988,820329/7267,1,2003-08-06,null,null
1989,820329/8103,20,2018-02-19,null,null
1990,820331/8420,18,2013-11-18,null,null
1991,820403/6082,28,2011-12-09,null,null
1992,820403/9514,7,2022-11-06,null,null
1993,820406/7762,6,2000-09-24,null,null
1994,820408/7859,2,2018-12-01,null,null
1995,820409/7143,11,2010-04-14,null,null
1996,820409/7902,9,2005-06-18,null,null
1997,820410/8275,38,2008-05-11,null,null
1998,820412/9582,11,2008-04-24,null,null
1999,820413/8965,10,2002-01-21,null,null
2000,820415/8006,13,2014-08-29,null,null
4101,980112/9604,31,2024-03-10 18:24:38,null,null
4105,985105/8504,31,2024-04-01 22:05:25,null,null
4106,980612/4845,19,2024-04-09 11:09:32,null,null
4100,922406/4950,22,2024-03-10 18:24:38,null,null
4107,015621/1234,19,2024-04-09 21:47:25,null,null
4098,901112/1548,31,2024-02-25 08:52:17,null,null
4099,982105/2609,31,2024-02-25 10:48:02,null,null
4102,943005/0207,31,2024-03-25 21:45:36,null,null
4104,980112/3244,31,2024-03-26 10:03:34,null,null
