14748,1310,XN048GN,3,2025-11-18
13735,1204,JN514UC,1,2026-04-02 01:00:01
13736,1204,HR438VF,1,2026-04-02 01:00:01
13737,1204,EV779OJ,2,2026-04-02 01:00:01
13738,1205,XE136UI,1,2026-07-01 01:00:01
13739,1205,RX245CI,1,2026-07-01 01:00:01
13740,1205,OS378LU,1,2026-07-01 01:00:01
13741,1205,KJ287VO,1,2026-07-01 01:00:01
13742,1205,WN563CN,1,2026-07-02 01:00:01
13743,1205,TD342YO,1,2026-07-02 01:00:01
13744,1205,YI856CJ,1,2026-07-02 01:00:01
13745,1205,BF787YU,1,2026-07-02 01:00:01
13746,1205,UQ436WX,1,2026-07-03 01:00:01
13747,1205,YM945RC,1,2026-07-03 01:00:01
13748,1205,RE278OH,1,2026-07-03 01:00:01
13749,1206,XP079QM,1,2026-10-01 01:00:01
13750,1206,EZ469TW,1,2026-10-01 01:00:01
13751,1206,TF464JS,1,2026-10-01 01:00:01
13752,1206,QS700OJ,1,2026-10-01 01:00:01
13753,1207,PJ545DY,1,2026-01-01 01:00:01
13754,1207,HQ521RN,1,2026-01-01 01:00:01
13755,1207,PK289IR,1,2026-01-01 01:00:01
13756,1207,RK384SZ,1,2026-01-01 01:00:01
13757,1207,PL332DM,1,2026-01-02 01:00:01
13758,1207,VN527JX,1,2026-01-02 01:00:01
13759,1207,TX417MX,1,2026-01-02 01:00:01
13760,1207,BI033KP,1,2026-01-02 01:00:01
13761,1207,IY513CR,1,2026-01-05 01:00:01
13762,1208,YV217EI,1,2026-07-01 01:00:01
13763,1208,PC163RE,1,2026-07-01 01:00:01
13764,1208,RS439OE,1,2026-07-01 01:00:01
13765,1208,RB966EL,1,2026-07-01 01:00:01
13766,1208,AY651XU,1,2026-07-02 01:00:01
13767,1208,XX404JC,1,2026-07-02 01:00:01
13768,1208,NR138GS,2,2026-07-02 01:00:01
13769,1208,FD616UI,2,2026-07-02 01:00:01
13770,1208,PC168MS,2,2026-07-03 01:00:01
13771,1209,BS154DD,1,2026-01-01 01:00:01
13772,1209,HH145ID,1,2026-01-01 01:00:01
13773,1209,KQ651TB,1,2026-01-01 01:00:01
13774,1209,TC920GW,1,2026-01-01 01:00:01
13775,1209,JU624PF,2,2026-01-02 01:00:01
13776,1209,VU565GW,2,2026-01-02 01:00:01
13777,1209,ED738LR,2,2026-01-02 01:00:01
13778,1209,PV622LW,2,2026-01-02 01:00:01
13779,1209,GD951VN,2,2026-01-05 01:00:01
13780,1210,XV830NQ,1,2026-07-01 01:00:01
13781,1210,WH435PL,1,2026-07-01 01:00:01
13782,1210,YW717TD,1,2026-07-01 01:00:01
13783,1210,IN679WQ,1,2026-07-01 01:00:01
13784,1210,WN202RN,1,2026-07-02 01:00:01
13785,1210,YN684LL,1,2026-07-02 01:00:01
13786,1210,HN762MH,2,2026-07-02 01:00:01
13787,1210,BV237VT,2,2026-07-02 01:00:01
13788,1210,CK472GO,2,2026-07-03 01:00:01
13789,1211,BM557IU,1,2026-01-01 01:00:01
13790,1211,KI669SD,1,2026-01-01 01:00:01
13791,1211,QI884LV,1,2026-01-01 01:00:01
13792,1211,QV072JU,1,2026-01-01 01:00:01
13793,1211,ZO486HZ,1,2026-01-02 01:00:01
13794,1211,PR033TH,1,2026-01-02 01:00:01
13795,1211,UZ228WC,1,2026-01-02 01:00:01
13796,1211,BK663NG,1,2026-01-02 01:00:01
13797,1211,HT816XU,2,2026-01-05 01:00:01
13798,1212,JM579HV,1,2026-07-01 01:00:01
13799,1212,FF298JT,1,2026-07-01 01:00:01
13800,1212,BT630IZ,1,2026-07-01 01:00:01
13801,1212,KE721XV,1,2026-07-01 01:00:01
13802,1212,CV099RB,1,2026-07-02 01:00:01
13803,1212,SU775UK,1,2026-07-02 01:00:01
13804,1212,XC850AN,1,2026-07-02 01:00:01
13805,1212,NH148TE,1,2026-07-02 01:00:01
13806,1212,MK802TP,1,2026-07-03 01:00:01
13807,1212,EO105HE,2,2026-07-03 01:00:01
13808,1213,HT456XS,1,2026-01-01 01:00:01
13809,1213,FN783OP,1,2026-01-01 01:00:01
13810,1213,KZ249UE,1,2026-01-01 01:00:01
13811,1213,QE341NG,1,2026-01-01 01:00:01
13812,1213,KT075DR,1,2026-01-02 01:00:01
13813,1213,KU251IL,1,2026-01-02 01:00:01
13814,1213,UY468PJ,2,2026-01-02 01:00:01
13815,1213,YP124GP,2,2026-01-02 01:00:01
13816,1213,KQ271MX,2,2026-01-05 01:00:01
13817,1214,DI117SU,1,2026-05-01 01:00:01
13818,1214,BF195XV,1,2026-05-01 01:00:01
13819,1214,OM672EX,1,2026-05-01 01:00:01
13820,1214,VX311EB,2,2026-05-01 01:00:01
13821,1214,JS083QR,2,2026-05-04 01:00:01
13822,1214,TT353AT,2,2026-05-04 01:00:01
13823,1214,CQ866ZG,2,2026-05-04 01:00:01
13824,1214,GR824UT,2,2026-05-04 01:00:01
13825,1214,UZ890EK,2,2026-05-05 01:00:01
13826,1215,LO694QO,1,2026-09-01 01:00:01
13827,1215,IO156NI,1,2026-09-01 01:00:01
13828,1215,TJ623VW,1,2026-09-01 01:00:01
13829,1215,XN782KA,1,2026-09-01 01:00:01
13830,1215,IQ263YE,1,2026-09-02 01:00:01
13831,1215,BC951UE,1,2026-09-02 01:00:01
13832,1215,TC253IB,1,2026-09-02 01:00:01
13833,1215,IW176OK,2,2026-09-02 01:00:01
13834,1215,JP035NY,2,2026-09-03 01:00:01
13835,1216,HN221PK,1,2026-01-01 01:00:01
13836,1216,TM754XT,1,2026-01-01 01:00:01
13837,1216,FO717AI,1,2026-01-01 01:00:01
13838,1216,YT481YP,1,2026-01-01 01:00:01
13839,1216,CR711EP,1,2026-01-02 01:00:01
13840,1216,FE814FR,2,2026-01-02 01:00:01
13841,1216,RC053FE,2,2026-01-02 01:00:01
13842,1217,HJ545VL,1,2026-05-01 01:00:01
13843,1217,WS794TF,1,2026-05-01 01:00:01
13844,1217,FN571DN,1,2026-05-01 01:00:01
13845,1217,EZ714JR,1,2026-05-01 01:00:01
13846,1217,FW472LX,1,2026-05-04 01:00:01
13847,1217,SD366YQ,1,2026-05-04 01:00:01
13848,1217,RA166NW,1,2026-05-04 01:00:01
13849,1217,VB430EG,1,2026-05-04 01:00:01
13850,1217,QL689YS,1,2026-05-05 01:00:01
13851,1217,JH942BE,1,2026-05-05 01:00:01
13852,1218,SR631PL,1,2026-09-01 01:00:01
13853,1218,OV589KP,1,2026-09-01 01:00:01
13854,1218,AW325IR,1,2026-09-01 01:00:01
13855,1218,CI788WH,1,2026-09-01 01:00:01
13856,1218,JK284VB,1,2026-09-02 01:00:01
13857,1218,ZM633ZJ,1,2026-09-02 01:00:01
13858,1218,PK602JP,1,2026-09-02 01:00:01
13859,1218,MH259NM,1,2026-09-02 01:00:01
13860,1219,CK852QN,1,2026-01-01 01:00:01
13861,1219,FP817II,1,2026-01-01 01:00:01
13862,1219,LK911OV,1,2026-01-01 01:00:01
13863,1219,XD629JE,2,2026-01-01 01:00:01
13864,1219,ZW194FE,2,2026-01-02 01:00:01
13865,1219,JJ288CD,2,2026-01-02 01:00:01
13866,1219,CF147MV,2,2026-01-02 01:00:01
13867,1219,LV577DX,2,2026-01-02 01:00:01
13868,1219,EC828FE,2,2026-01-05 01:00:01
13869,1220,RN233DH,1,2026-05-01 01:00:01
13870,1220,GH868EH,1,2026-05-01 01:00:01
13871,1220,MN385JJ,1,2026-05-01 01:00:01
13872,1220,CD645GL,1,2026-05-01 01:00:01
13873,1220,WO641KS,1,2026-05-04 01:00:01
13874,1220,BJ195JG,1,2026-05-04 01:00:01
13875,1220,UE247YQ,1,2026-05-04 01:00:01
13876,1220,RK617CL,1,2026-05-04 01:00:01
13877,1220,GS518NA,1,2026-05-05 01:00:01
13878,1220,GV716KH,1,2026-05-05 01:00:01
13879,1221,TN941JV,1,2026-09-01 01:00:01
13880,1221,YR723HI,1,2026-09-01 01:00:01
13881,1221,MO285PJ,1,2026-09-01 01:00:01
13882,1221,PC299VS,1,2026-09-01 01:00:01
13883,1221,JS874TY,1,2026-09-02 01:00:01
13884,1221,LS849NK,1,2026-09-02 01:00:01
13885,1221,VK492NY,1,2026-09-02 01:00:01
13886,1221,DO588IX,1,2026-09-02 01:00:01
13887,1222,QX814EI,1,2026-01-01 01:00:01
13888,1222,EP364IJ,1,2026-01-01 01:00:01
13889,1222,YU870UX,2,2026-01-01 01:00:01
13890,1222,RJ476CJ,2,2026-01-01 01:00:01
13891,1222,BU422RI,2,2026-01-02 01:00:01
13892,1222,HL360XV,2,2026-01-02 01:00:01
13893,1222,LP351NN,2,2026-01-02 01:00:01
13894,1223,SI323OE,1,2026-05-01 01:00:01
13895,1223,JJ517TN,1,2026-05-01 01:00:01
13896,1223,BO636YM,1,2026-05-01 01:00:01
13897,1223,TH959QF,1,2026-05-01 01:00:01
13898,1223,EU025ET,2,2026-05-04 01:00:01
13899,1224,TF127BW,1,2026-09-01 01:00:01
13900,1224,IO434LJ,1,2026-09-01 01:00:01
13901,1224,JI664VP,1,2026-09-01 01:00:01
13902,1224,NX456EV,1,2026-09-01 01:00:01
13903,1224,VV741IH,1,2026-09-02 01:00:01
13904,1224,GJ014BR,1,2026-09-02 01:00:01
13905,1224,NY123LG,1,2026-09-02 01:00:01
13906,1224,YX243LM,1,2026-09-02 01:00:01
13907,1224,HJ156PM,1,2026-09-03 01:00:01
13908,1224,RY334MX,1,2026-09-03 01:00:01
13909,1225,TI675UM,1,2026-01-01 01:00:01
13910,1225,RE529YD,2,2026-01-01 01:00:01
13911,1225,QG707ZD,2,2026-01-01 01:00:01
13912,1225,SE237QO,2,2026-01-01 01:00:01
13913,1225,GG288CV,2,2026-01-02 01:00:01
13914,1225,RK513PJ,2,2026-01-02 01:00:01
13915,1225,GY916GF,2,2026-01-02 01:00:01
13916,1226,CR881XC,1,2026-04-01 01:00:01
13917,1226,KX297TJ,1,2026-04-01 01:00:01
13918,1226,JK450PW,1,2026-04-01 01:00:01
13919,1226,RC921EF,2,2026-04-01 01:00:01
13920,1226,MP678XF,2,2026-04-02 01:00:01
13921,1226,YM785RI,2,2026-04-02 01:00:01
13922,1226,NZ278SS,2,2026-04-02 01:00:01
13923,1227,IZ370GP,1,2026-07-01 01:00:01
13924,1227,DT538CS,1,2026-07-01 01:00:01
13925,1227,UD577CB,1,2026-07-01 01:00:01
13926,1227,DX586PD,1,2026-07-01 01:00:01
13927,1227,LS989JL,1,2026-07-02 01:00:01
13928,1227,GK193NY,1,2026-07-02 01:00:01
13929,1227,NX154YO,1,2026-07-02 01:00:01
13930,1228,ER359DC,1,2026-10-01 01:00:01
13931,1228,RB651XM,1,2026-10-01 01:00:01
13932,1228,VO675FS,1,2026-10-01 01:00:01
13933,1228,GE687OR,1,2026-10-01 01:00:01
13934,1228,GO443PV,1,2026-10-02 01:00:01
13935,1228,VJ417TU,2,2026-10-02 01:00:01
13936,1228,AY830UG,2,2026-10-02 01:00:01
13937,1229,QJ911NG,1,2026-01-01 01:00:01
13938,1229,UO547MG,1,2026-01-01 01:00:01
13939,1229,HS817PD,1,2026-01-01 01:00:01
13940,1229,QF803KJ,1,2026-01-01 01:00:01
13941,1229,CU656FL,1,2026-01-02 01:00:01
13942,1229,OE521BP,1,2026-01-02 01:00:01
13943,1229,TR271EM,2,2026-01-02 01:00:01
13944,1230,SU330GQ,1,2026-05-01 01:00:01
13734,1204,NF795DN,1,2026-04-01 01:00:01
13945,1230,FN742XL,1,2026-05-01 01:00:01
13946,1230,HB788IM,1,2026-05-01 01:00:01
13947,1230,CB506WU,1,2026-05-01 01:00:01
13948,1230,RL313RK,1,2026-05-04 01:00:01
13949,1230,XQ017EV,1,2026-05-04 01:00:01
13950,1230,YU660XD,1,2026-05-04 01:00:01
13951,1230,GZ522DV,1,2026-05-04 01:00:01
13952,1231,XR536NG,1,2026-09-01 01:00:01
13953,1231,XK273TX,1,2026-09-01 01:00:01
13954,1231,NX845CG,1,2026-09-01 01:00:01
13955,1231,DS944ZQ,1,2026-09-01 01:00:01
13956,1231,HK545TS,1,2026-09-02 01:00:01
13957,1231,HZ464YW,1,2026-09-02 01:00:01
13958,1231,YV723LT,2,2026-09-02 01:00:01
13959,1232,LQ844TK,1,2026-01-01 01:00:01
13960,1232,LF424GW,1,2026-01-01 01:00:01
13961,1232,BW096FY,1,2026-01-01 01:00:01
13962,1232,OL151WX,1,2026-01-01 01:00:01
13963,1232,BV941BB,2,2026-01-02 01:00:01
13964,1232,EU237CH,2,2026-01-02 01:00:01
13965,1232,JV689EO,2,2026-01-02 01:00:01
13966,1232,SB445JY,2,2026-01-02 01:00:01
13967,1232,UK650RD,2,2026-01-05 01:00:01
13968,1233,GF355SU,1,2026-05-01 01:00:01
13969,1233,FD873CD,1,2026-05-01 01:00:01
13970,1233,WR538QM,1,2026-05-01 01:00:01
13971,1233,KN467EG,1,2026-05-01 01:00:01
13972,1233,PO486RK,1,2026-05-04 01:00:01
13973,1233,FP674FX,1,2026-05-04 01:00:01
13974,1233,SM259VN,1,2026-05-04 01:00:01
13975,1233,WM646DE,1,2026-05-04 01:00:01
13976,1233,AS734QX,1,2026-05-05 01:00:01
13977,1233,PV212LI,1,2026-05-05 01:00:01
13978,1233,SZ814WW,1,2026-05-05 01:00:01
13979,1233,CC490IM,2,2026-05-05 01:00:01
13980,1234,IV312CC,1,2026-09-01 01:00:01
13981,1234,RV354DM,1,2026-09-01 01:00:01
13982,1234,YL783PU,1,2026-09-01 01:00:01
13983,1234,UF423VI,1,2026-09-01 01:00:01
13984,1234,XF723KG,1,2026-09-02 01:00:01
13985,1234,FQ876NJ,1,2026-09-02 01:00:01
13986,1235,PK862QB,1,2026-01-01 01:00:01
13987,1235,XY296DI,1,2026-01-01 01:00:01
13988,1235,JI803DJ,1,2026-01-01 01:00:01
13989,1235,YY128SA,1,2026-01-01 01:00:01
13990,1235,MQ617VW,2,2026-01-02 01:00:01
13991,1235,DS461EH,2,2026-01-02 01:00:01
13992,1235,OC663IQ,2,2026-01-02 01:00:01
13993,1235,CO644QK,2,2026-01-02 01:00:01
13994,1235,DJ012CF,2,2026-01-05 01:00:01
13995,1236,JV127XK,2,2026-04-01 01:00:01
13996,1236,XB331KU,2,2026-04-01 01:00:01
13997,1236,DB747RP,2,2026-04-01 01:00:01
13998,1236,WS268UI,2,2026-04-01 01:00:01
13999,1236,RB647KE,2,2026-04-02 01:00:01
14000,1236,FC543LG,2,2026-04-02 01:00:01
14001,1236,DG287VE,2,2026-04-02 01:00:01
14002,1236,OY671TC,2,2026-04-02 01:00:01
14003,1236,DQ239FT,2,2026-04-03 01:00:01
14004,1237,RF231YI,1,2026-07-01 01:00:01
14005,1237,UG688WT,1,2026-07-01 01:00:01
14006,1237,QP097PL,1,2026-07-01 01:00:01
14007,1237,XO974TS,1,2026-07-01 01:00:01
14008,1237,IN048TS,2,2026-07-02 01:00:01
14009,1237,HF942FK,2,2026-07-02 01:00:01
14010,1238,QN347NP,1,2026-10-01 01:00:01
14011,1238,NY232ML,1,2026-10-01 01:00:01
14012,1238,GF470GR,1,2026-10-01 01:00:01
14013,1238,LU265WL,1,2026-10-01 01:00:01
14014,1238,TN312NY,1,2026-10-02 01:00:01
14015,1238,NR571KB,1,2026-10-02 01:00:01
14016,1238,TB742BF,1,2026-10-02 01:00:01
14017,1238,SM828OW,1,2026-10-02 01:00:01
14018,1238,PL388DQ,1,2026-10-05 01:00:01
14019,1238,ET742PP,1,2026-10-05 01:00:01
14020,1238,SQ003IF,1,2026-10-05 01:00:01
14021,1238,HW260EK,1,2026-10-05 01:00:01
14022,1238,XT697IA,1,2026-10-06 01:00:01
14023,1238,JO215JB,1,2026-10-06 01:00:01
14024,1239,PN888CR,1,2026-01-01 01:00:01
14025,1239,DC327YN,1,2026-01-01 01:00:01
14026,1239,YO273BV,2,2026-01-01 01:00:01
14027,1239,UV677YY,2,2026-01-01 01:00:01
14028,1239,WO582IB,2,2026-01-02 01:00:01
14029,1239,HC841YE,2,2026-01-02 01:00:01
14030,1239,MF280YV,2,2026-01-02 01:00:01
14031,1240,BH299UK,1,2026-04-01 01:00:01
14032,1240,UU426WL,1,2026-04-01 01:00:01
14033,1240,NW831QG,1,2026-04-01 01:00:01
14034,1240,VA876TB,1,2026-04-01 01:00:01
14035,1240,OR564RD,1,2026-04-02 01:00:01
14036,1240,MD483YU,2,2026-04-02 01:00:01
14037,1240,JE334AK,2,2026-04-02 01:00:01
14038,1241,PN082BM,1,2026-07-01 01:00:01
14039,1241,LM638XY,1,2026-07-01 01:00:01
14040,1241,LR285CR,1,2026-07-01 01:00:01
14041,1241,SQ163DR,1,2026-07-01 01:00:01
14042,1241,CY058RV,1,2026-07-02 01:00:01
14043,1241,IG518WM,1,2026-07-02 01:00:01
14044,1241,GK819RS,1,2026-07-02 01:00:01
14045,1242,TK588DE,1,2026-10-01 01:00:01
14046,1242,EL252US,1,2026-10-01 01:00:01
14047,1242,WM478SJ,1,2026-10-01 01:00:01
14048,1242,GA195XE,1,2026-10-01 01:00:01
14049,1242,YY873VL,1,2026-10-02 01:00:01
14050,1242,KN382BP,1,2026-10-02 01:00:01
14051,1242,RM578QW,1,2026-10-02 01:00:01
14052,1243,PB743DP,1,2026-01-01 01:00:01
14053,1243,TW084PE,1,2026-01-01 01:00:01
14054,1243,AO514PL,1,2026-01-01 01:00:01
14055,1243,SX753CF,2,2026-01-01 01:00:01
14056,1243,BU582IC,2,2026-01-02 01:00:01
14057,1243,ZY389JQ,2,2026-01-02 01:00:01
14058,1243,QB182WF,2,2026-01-02 01:00:01
14059,1243,SM125FQ,2,2026-01-02 01:00:01
14060,1244,XX911NH,1,2026-04-01 01:00:01
14061,1244,LO813OE,1,2026-04-01 01:00:01
14062,1244,NP830HF,1,2026-04-01 01:00:01
14063,1244,EJ233FN,1,2026-04-01 01:00:01
14064,1244,KO445OL,2,2026-04-02 01:00:01
14065,1244,XX447DM,2,2026-04-02 01:00:01
14066,1244,RI277JT,2,2026-04-02 01:00:01
14067,1244,DR275YB,2,2026-04-02 01:00:01
14068,1245,LC235PQ,1,2026-07-01 01:00:01
14069,1245,IE761BO,1,2026-07-01 01:00:01
14070,1245,RW931ZN,1,2026-07-01 01:00:01
14071,1245,TV873LQ,1,2026-07-01 01:00:01
14072,1245,JO668QM,1,2026-07-02 01:00:01
14073,1245,EI159QH,1,2026-07-02 01:00:01
14074,1245,QR475RW,1,2026-07-02 01:00:01
14075,1245,QV742GP,2,2026-07-02 01:00:01
14076,1246,FJ396FQ,1,2026-10-01 01:00:01
14077,1246,KQ671JI,1,2026-10-01 01:00:01
14078,1246,ZK424PP,1,2026-10-01 01:00:01
14079,1246,CT828BM,2,2026-10-01 01:00:01
14080,1246,KR517QL,2,2026-10-02 01:00:01
14081,1246,SO181LB,2,2026-10-02 01:00:01
14082,1246,US786RK,2,2026-10-02 01:00:01
14083,1247,RN526ZL,1,2026-01-01 01:00:01
14084,1247,BK959VF,1,2026-01-01 01:00:01
14085,1247,KL632CI,1,2026-01-01 01:00:01
14086,1247,NR388SH,1,2026-01-01 01:00:01
14087,1247,JU055QI,1,2026-01-02 01:00:01
14088,1247,LM977YD,1,2026-01-02 01:00:01
14089,1247,VE203DO,1,2026-01-02 01:00:01
14090,1247,CF885ZJ,2,2026-01-02 01:00:01
14091,1248,KT001KN,1,2026-05-01 01:00:01
14092,1248,BK227KZ,1,2026-05-01 01:00:01
14093,1248,SC512TF,1,2026-05-01 01:00:01
14094,1248,RY464BA,1,2026-05-01 01:00:01
14095,1248,BJ873YY,1,2026-05-04 01:00:01
14096,1248,IP430ZZ,2,2026-05-04 01:00:01
14097,1248,YG905QT,2,2026-05-04 01:00:01
14098,1248,DH075AE,2,2026-05-04 01:00:01
14099,1249,FC823NA,1,2026-09-01 01:00:01
14100,1249,MO678TS,1,2026-09-01 01:00:01
14101,1249,AG880AX,1,2026-09-01 01:00:01
14102,1249,SI821BS,1,2026-09-01 01:00:01
14103,1249,YK308MU,1,2026-09-02 01:00:01
14104,1249,YK759IW,1,2026-09-02 01:00:01
14105,1249,RX138EJ,1,2026-09-02 01:00:01
14106,1249,HU834IF,2,2026-09-02 01:00:01
14107,1250,RK742PN,1,2026-01-01 01:00:01
14108,1250,OH312OH,1,2026-01-01 01:00:01
14109,1250,JX906NY,1,2026-01-01 01:00:01
14110,1250,RA735XR,2,2026-01-01 01:00:01
14111,1250,AI121WX,2,2026-01-02 01:00:01
14112,1250,BT171AV,2,2026-01-02 01:00:01
14113,1250,OO934KH,2,2026-01-02 01:00:01
14114,1251,TT786CE,1,2026-04-01 01:00:01
14115,1251,WD297EZ,1,2026-04-01 01:00:01
14116,1251,OL381MJ,2,2026-04-01 01:00:01
14117,1251,BJ653PX,2,2026-04-01 01:00:01
14118,1251,VP671WM,2,2026-04-02 01:00:01
14119,1251,EK355DA,2,2026-04-02 01:00:01
14120,1251,YX511NA,2,2026-04-02 01:00:01
14121,1252,QM465CZ,1,2026-07-01 01:00:01
14122,1252,RS208HE,1,2026-07-01 01:00:01
14123,1252,PU868RQ,1,2026-07-01 01:00:01
14124,1252,FR458HN,1,2026-07-01 01:00:01
14125,1252,OE084II,1,2026-07-02 01:00:01
14126,1252,LO884SR,1,2026-07-02 01:00:01
14127,1252,RE042XP,1,2026-07-02 01:00:01
14128,1253,LV510MN,1,2026-10-01 01:00:01
14129,1253,HV322UE,1,2026-10-01 01:00:01
14130,1253,GX435AF,1,2026-10-01 01:00:01
14131,1253,VP174CX,1,2026-10-01 01:00:01
14132,1253,QP368CU,2,2026-10-02 01:00:01
14133,1253,FS687EV,2,2026-10-02 01:00:01
14134,1253,GE838CC,2,2026-10-02 01:00:01
14135,1254,MV683ZT,1,2026-01-01 01:00:01
14136,1254,EX511UB,1,2026-01-01 01:00:01
14137,1254,EP269YC,1,2026-01-01 01:00:01
14138,1254,MA688VO,2,2026-01-01 01:00:01
14139,1254,AT228OV,2,2026-01-02 01:00:01
14140,1254,NP153IC,2,2026-01-02 01:00:01
14141,1254,JF518CW,2,2026-01-02 01:00:01
14142,1255,OS122EV,1,2026-05-01 01:00:01
14143,1255,QR651SP,1,2026-05-01 01:00:01
14144,1255,HW864VV,1,2026-05-01 01:00:01
14145,1255,BD674QY,1,2026-05-01 01:00:01
14146,1255,HH664OG,1,2026-05-04 01:00:01
14147,1255,BJ613NT,1,2026-05-04 01:00:01
14148,1255,SS817AX,1,2026-05-04 01:00:01
14149,1255,SM676UY,2,2026-05-04 01:00:01
14150,1256,NH972MY,1,2026-09-01 01:00:01
14151,1256,KD776GG,1,2026-09-01 01:00:01
14152,1256,PU626RY,1,2026-09-01 01:00:01
14153,1256,IC127IY,1,2026-09-01 01:00:01
14154,1256,QT376SI,1,2026-09-02 01:00:01
14155,1256,LQ684CW,1,2026-09-02 01:00:01
14156,1256,KS432OZ,1,2026-09-02 01:00:01
14157,1256,EO851PI,1,2026-09-02 01:00:01
14158,1257,DW408PO,1,2026-01-01 01:00:01
14159,1257,GC197ME,1,2026-01-01 01:00:01
14160,1257,DJ440NY,1,2026-01-01 01:00:01
14161,1257,KU057QI,1,2026-01-01 01:00:01
14162,1257,YP883XA,1,2026-01-02 01:00:01
14163,1257,BQ143XY,1,2026-01-02 01:00:01
14164,1257,MW593UB,2,2026-01-02 01:00:01
14165,1257,JH981JY,2,2026-01-02 01:00:01
14166,1258,WL536QF,1,2026-04-01 01:00:01
14167,1258,PV749XX,1,2026-04-01 01:00:01
14168,1258,CO936JU,1,2026-04-01 01:00:01
14169,1258,IF124IO,1,2026-04-01 01:00:01
14170,1258,LR667XF,1,2026-04-02 01:00:01
14171,1258,VR516EO,2,2026-04-02 01:00:01
14172,1258,PD603LW,2,2026-04-02 01:00:01
14173,1258,YQ416LP,2,2026-04-02 01:00:01
14174,1259,BU184UV,1,2026-07-01 01:00:01
14175,1259,QL136VL,1,2026-07-01 01:00:01
14176,1259,AH325LB,1,2026-07-01 01:00:01
14177,1259,QL544BY,1,2026-07-01 01:00:01
14178,1259,HS574QQ,1,2026-07-02 01:00:01
14179,1259,DD800JB,1,2026-07-02 01:00:01
14180,1259,IF349YR,1,2026-07-02 01:00:01
14181,1259,LN532QC,2,2026-07-02 01:00:01
14402,1287,TG228BB,1,2026-09-02 01:00:01
14403,1287,NH357KH,1,2026-09-02 01:00:01
14404,1287,BV518BH,1,2026-09-02 01:00:01
14405,1287,YS151WL,1,2026-09-02 01:00:01
14406,1287,JV286EW,1,2026-09-03 01:00:01
14407,1288,BL930FL,1,2026-01-01 01:00:01
14408,1288,VC536CQ,1,2026-01-01 01:00:01
14409,1288,SB976VP,1,2026-01-01 01:00:01
14410,1288,ZQ143HK,1,2026-01-01 01:00:01
14411,1288,HW064WJ,1,2026-01-02 01:00:01
14412,1288,DN308YF,1,2026-01-02 01:00:01
14413,1288,LJ235YX,1,2026-01-02 01:00:01
14414,1288,TD245VK,1,2026-01-02 01:00:01
14415,1288,FS596EI,1,2026-01-05 01:00:01
14416,1288,VU749VB,1,2026-01-05 01:00:01
14417,1288,KA287HX,1,2026-01-05 01:00:01
14418,1289,BG513XB,1,2026-05-01 01:00:01
14419,1289,QN627BD,1,2026-05-01 01:00:01
14420,1289,KQ448BL,1,2026-05-01 01:00:01
14421,1289,CP355LO,1,2026-05-01 01:00:01
14422,1289,VT840GA,1,2026-05-04 01:00:01
14423,1289,BW520LL,1,2026-05-04 01:00:01
14424,1289,JT677LE,1,2026-05-04 01:00:01
14425,1289,RD086ZD,2,2026-05-04 01:00:01
14426,1290,ER484GD,1,2026-09-01 01:00:01
14427,1290,XU384IT,1,2026-09-01 01:00:01
14428,1290,QB728BU,2,2026-09-01 01:00:01
14429,1290,GU416IS,2,2026-09-01 01:00:01
14430,1290,SJ274YF,2,2026-09-02 01:00:01
14431,1290,CW618PI,2,2026-09-02 01:00:01
14432,1291,QO143DP,1,2026-01-01 01:00:01
14433,1291,DH925VK,1,2026-01-01 01:00:01
14434,1291,QO367UP,1,2026-01-01 01:00:01
14435,1291,CQ876KL,2,2026-01-01 01:00:01
14436,1291,KQ119UY,2,2026-01-02 01:00:01
14437,1291,CS843QI,2,2026-01-02 01:00:01
14438,1291,PQ611LV,2,2026-01-02 01:00:01
14439,1292,RN622HM,1,2026-04-01 01:00:01
14440,1292,FG118DJ,1,2026-04-01 01:00:01
14441,1292,EW938YP,1,2026-04-01 01:00:01
14442,1292,UW517RV,1,2026-04-01 01:00:01
14443,1292,QK073GP,2,2026-04-02 01:00:01
14444,1292,LT081VF,2,2026-04-02 01:00:01
14445,1292,BT142IV,2,2026-04-02 01:00:01
14446,1293,RJ650MI,1,2026-07-01 01:00:01
14447,1293,ZH787GC,1,2026-07-01 01:00:01
14448,1293,QK467EI,1,2026-07-01 01:00:01
14449,1293,PZ954OV,1,2026-07-01 01:00:01
14450,1293,NY465WS,1,2026-07-02 01:00:01
14451,1293,ZH732XO,1,2026-07-02 01:00:01
14452,1293,CN848UM,2,2026-07-02 01:00:01
14453,1294,YG557DW,1,2026-10-01 01:00:01
14454,1294,WB352FQ,1,2026-10-01 01:00:01
14455,1294,IG170AE,1,2026-10-01 01:00:01
14456,1294,YR854OL,1,2026-10-01 01:00:01
14457,1294,HY544LY,1,2026-10-02 01:00:01
14458,1294,QJ643HH,2,2026-10-02 01:00:01
14459,1294,EX393ZF,2,2026-10-02 01:00:01
14460,1295,FP932DV,1,2026-01-01 01:00:01
14461,1295,AN817CA,1,2026-01-01 01:00:01
14462,1295,WE365QE,1,2026-01-01 01:00:01
14463,1295,TK138VU,2,2026-01-01 01:00:01
14464,1295,WM342VM,2,2026-01-02 01:00:01
14465,1295,TG217KV,2,2026-01-02 01:00:01
14466,1295,QE085NB,2,2026-01-02 01:00:01
14467,1296,EB914GP,1,2026-05-01 01:00:01
14468,1296,FV545PH,1,2026-05-01 01:00:01
14469,1296,BU342OQ,1,2026-05-01 01:00:01
14470,1296,EM235VW,1,2026-05-01 01:00:01
14471,1296,XT844DV,1,2026-05-04 01:00:01
14472,1296,NE110GO,2,2026-05-04 01:00:01
14473,1296,KE377UG,2,2026-05-04 01:00:01
14474,1297,YW513SR,1,2026-09-01 01:00:01
14475,1297,WY861HG,1,2026-09-01 01:00:01
14476,1297,PT074ZC,1,2026-09-01 01:00:01
14477,1297,QE211MS,1,2026-09-01 01:00:01
14478,1297,SX363GC,1,2026-09-02 01:00:01
14479,1297,KM034YR,1,2026-09-02 01:00:01
14480,1297,QI439RG,1,2026-09-02 01:00:01
14481,1298,BF583GF,1,2026-01-01 01:00:01
14482,1298,PD572PB,1,2026-01-01 01:00:01
14483,1298,FQ866QT,1,2026-01-01 01:00:01
14484,1298,XM311RF,2,2026-01-01 01:00:01
14485,1298,QG814UQ,2,2026-01-02 01:00:01
14486,1298,QM723TV,2,2026-01-02 01:00:01
14487,1299,ZP853YL,1,2026-05-01 01:00:01
14488,1299,VK849EH,1,2026-05-01 01:00:01
14489,1299,XX637BH,1,2026-05-01 01:00:01
14490,1299,VX613OB,1,2026-05-01 01:00:01
14491,1299,SL284NE,1,2026-05-04 01:00:01
14492,1299,UZ267NC,1,2026-05-04 01:00:01
14493,1300,SW935RS,1,2026-09-01 01:00:01
14494,1300,RP289KG,1,2026-09-01 01:00:01
14495,1300,FC167KJ,1,2026-09-01 01:00:01
14496,1300,DR616XY,2,2026-09-01 01:00:01
14497,1300,XG113TE,2,2026-09-02 01:00:01
14498,1300,FJ097DO,2,2026-09-02 01:00:01
14499,1301,FW327VV,1,2026-01-01 01:00:01
14500,1301,VN466JF,1,2026-01-01 01:00:01
14501,1301,DH892UH,1,2026-01-01 01:00:01
14502,1301,UR555WN,1,2026-01-01 01:00:01
14503,1301,CC645CD,1,2026-01-02 01:00:01
14504,1301,FE736HN,1,2026-01-02 01:00:01
14505,1301,GP565ZS,2,2026-01-02 01:00:01
14506,1301,JS417IB,2,2026-01-02 01:00:01
14507,1302,AF153GW,1,2026-05-01 01:00:01
14508,1302,DP612VL,1,2026-05-01 01:00:01
14509,1302,DA739LW,1,2026-05-01 01:00:01
14510,1302,HG577CW,1,2026-05-01 01:00:01
14511,1302,HS513ET,1,2026-05-04 01:00:01
14512,1302,HM642PJ,1,2026-05-04 01:00:01
14513,1302,DN861VY,1,2026-05-04 01:00:01
14514,1302,TF931JZ,1,2026-05-04 01:00:01
14515,1302,UF558VI,1,2026-05-05 01:00:01
14516,1303,EJ748IB,1,2026-09-01 01:00:01
14517,1303,XY469DB,1,2026-09-01 01:00:01
14518,1303,QV968FW,1,2026-09-01 01:00:01
14519,1303,MF461OE,1,2026-09-01 01:00:01
14520,1303,YG715IB,1,2026-09-02 01:00:01
14521,1303,VB217IT,1,2026-09-02 01:00:01
14522,1303,AC451EN,1,2026-09-02 01:00:01
14523,1303,QN602GE,2,2026-09-02 01:00:01
14801,1177,BR421NI,1,2026-01-01
14802,1177,BS534MV,2,2026-01-01
14803,1177,IS265KN,2,2026-01-01
14804,1177,TL754NS,2,2026-01-01
14805,1177,WH286JJ,1,2026-01-01
14806,1177,ZY677XN,1,2026-01-02
14807,1177,RE463MQ,1,2026-01-02
14808,1177,UQ382YQ,2,2026-01-02
14809,1178,BB343QV,2,2026-04-21
14810,1178,GT228XX,1,2026-04-21
14811,1178,TEST11 ,2,2026-04-21
14812,1178,TEST9  ,2,2026-04-21
14813,1178,TEST10 ,2,2026-04-22
14814,1178,XA984LX,1,2026-04-22
14815,1179,GX411CJ,1,2026-07-01
14816,1179,NR508HC,1,2026-07-01
14817,1179,PC817BH,1,2026-07-01
14818,1179,PI613EE,1,2026-07-01
14819,1179,OR285QR,1,2026-07-02
14820,1179,TG164PS,1,2026-07-02
14821,1179,VQ466ZS,1,2026-07-02
14822,1179,XD564AI,1,2026-07-02
14823,1179,AAAAA1 ,1,2026-07-03
14824,1180,GQ334FE,1,2026-10-01
14825,1180,JL164QG,1,2026-10-01
14826,1180,MO314IS,1,2026-10-01
14827,1180,TF798XY,1,2026-10-01
14828,1180,CW111IR,1,2026-10-02
14829,1180,DC550QX,1,2026-10-02
14830,1180,IS265KN,2,2026-10-02
14831,1180,NR695JR,1,2026-10-02
14832,1180,RE463MQ,1,2026-10-05
14833,1180,WH286JJ,1,2026-10-05
14834,1188,KC442KI,2,2026-01-01
14835,1188,NG656VM,1,2026-01-01
14836,1188,XM562EG,2,2026-01-01
14837,1188,ZP825ZV,2,2026-01-01
14838,1188,EC757FC,2,2026-01-02
14839,1188,IR517OZ,2,2026-01-02
14840,1189,MT862YN,1,2026-04-01
14841,1189,OR962HY,1,2026-04-01
14842,1189,UW487FO,1,2026-04-01
14843,1189,VO560BY,1,2026-04-01
14844,1189,AQ399MB,1,2026-04-02
14845,1189,YU658UE,1,2026-04-02
14846,1190,FN277LN,1,2026-07-01
14847,1190,KQ612BH,1,2026-07-01
14848,1190,LT960DI,1,2026-07-01
14849,1190,VU250RG,1,2026-07-01
14850,1190,DA739VA,1,2026-07-02
14851,1190,FF271DD,1,2026-07-02
14852,1190,KG548RG,1,2026-07-02
14853,1190,XJ519VV,1,2026-07-02
14854,1190,ET168XY,1,2026-07-03
14855,1190,LG317UF,1,2026-07-03
14856,1191,CH186EJ,1,2026-10-01
14857,1191,DT910PH,1,2026-10-01
14858,1191,NL814TB,1,2026-10-01
14859,1191,QY394FB,1,2026-10-01
14860,1191,AN564TN,1,2026-10-02
14861,1191,EL846ZM,1,2026-10-02
14862,1191,UE621VE,1,2026-10-02
14863,1191,YP394SE,1,2026-10-02
14864,1191,UH181FP,2,2026-10-05
14191,1261,PO755MB,2,2026-01-01 01:00:01
14192,1261,DE966IH,2,2026-01-01 01:00:01
14193,1261,LT684PD,2,2026-01-01 01:00:01
14194,1261,QV996ME,2,2026-01-02 01:00:01
14195,1261,EK116YX,2,2026-01-02 01:00:01
14196,1261,LF514TY,2,2026-01-02 01:00:01
14197,1262,FM616SS,1,2026-04-01 01:00:01
14198,1262,BU151OC,1,2026-04-01 01:00:01
14199,1262,HY896HE,1,2026-04-01 01:00:01
14200,1262,SX982HO,1,2026-04-01 01:00:01
14201,1262,GS887IY,2,2026-04-02 01:00:01
14202,1262,VS116PH,2,2026-04-02 01:00:01
14203,1263,YR427NE,1,2026-07-01 01:00:01
14182,1260,OF287NC,1,2026-10-01 01:00:01
14204,1263,JA289XW,1,2026-07-01 01:00:01
14183,1260,QG156RC,1,2026-10-01 01:00:01
14205,1263,UP129HS,1,2026-07-01 01:00:01
14206,1263,FX051FS,1,2026-07-01 01:00:01
14184,1260,MZ418VH,1,2026-10-01 01:00:01
14207,1263,HF794RQ,1,2026-07-02 01:00:01
14185,1260,EO122SW,1,2026-10-01 01:00:01
14186,1260,OI403DX,1,2026-10-02 01:00:01
14187,1260,TG843MU,1,2026-10-02 01:00:01
14188,1260,KO452KM,2,2026-10-02 01:00:01
14189,1260,XH917GW,2,2026-10-02 01:00:01
14190,1261,DB957AR,1,2026-01-01 01:00:01
14208,1263,CJ831QJ,1,2026-07-02 01:00:01
14209,1263,SW310XD,1,2026-07-02 01:00:01
14210,1263,UC103LH,1,2026-07-02 01:00:01
14211,1264,FK123TY,1,2026-10-01 01:00:01
14212,1264,RU447IT,1,2026-10-01 01:00:01
14213,1264,RR653QJ,1,2026-10-01 01:00:01
14214,1264,RN624TJ,1,2026-10-01 01:00:01
14215,1264,CB417UR,1,2026-10-02 01:00:01
14216,1264,KQ249YQ,1,2026-10-02 01:00:01
14217,1264,EO366YY,1,2026-10-02 01:00:01
14218,1265,OS814DC,1,2026-01-01 01:00:01
14219,1265,JN845KG,2,2026-01-01 01:00:01
14220,1265,PR614KG,2,2026-01-01 01:00:01
14221,1265,OH711XG,2,2026-01-01 01:00:01
14222,1265,QV888NY,2,2026-01-02 01:00:01
14223,1265,PY991CZ,2,2026-01-02 01:00:01
14224,1265,JG245EK,2,2026-01-02 01:00:01
14225,1266,GD162WU,1,2026-05-01 01:00:01
14226,1266,LN656JO,1,2026-05-01 01:00:01
14227,1266,YC390VK,1,2026-05-01 01:00:01
14228,1266,LO022IC,2,2026-05-01 01:00:01
14229,1267,KJ481KW,1,2026-09-01 01:00:01
14230,1267,WW152HF,1,2026-09-01 01:00:01
14231,1267,ZO572CN,1,2026-09-01 01:00:01
14232,1267,DM426TE,1,2026-09-01 01:00:01
14233,1267,BN683XN,1,2026-09-02 01:00:01
14234,1267,WO148VQ,1,2026-09-02 01:00:01
14235,1267,SD209RP,1,2026-09-02 01:00:01
14236,1267,KN051VJ,1,2026-09-02 01:00:01
14237,1267,RK325RA,1,2026-09-03 01:00:01
14238,1267,CS856TX,1,2026-09-03 01:00:01
14239,1267,SW068PU,1,2026-09-03 01:00:01
14240,1268,LK145ZG,1,2026-01-01 01:00:01
14241,1268,RS112PN,1,2026-01-01 01:00:01
14242,1268,ER387DP,1,2026-01-01 01:00:01
14243,1268,SU439CB,1,2026-01-01 01:00:01
14244,1268,RE757KO,2,2026-01-02 01:00:01
14245,1268,HU535NB,2,2026-01-02 01:00:01
14246,1268,CL242RJ,2,2026-01-02 01:00:01
14247,1268,RR254KF,2,2026-01-02 01:00:01
14248,1269,UJ489NO,1,2026-07-01 01:00:01
14249,1269,IE136TX,1,2026-07-01 01:00:01
14250,1269,VS383FL,1,2026-07-01 01:00:01
14251,1269,SN873IJ,1,2026-07-01 01:00:01
14252,1269,QY576QC,1,2026-07-02 01:00:01
14253,1269,EE328DB,1,2026-07-02 01:00:01
14254,1269,QV856DE,1,2026-07-02 01:00:01
14255,1269,JV817BN,1,2026-07-02 01:00:01
14256,1269,UP852NT,1,2026-07-03 01:00:01
14257,1270,BQ776MT,1,2026-01-01 01:00:01
14258,1270,SX113PM,1,2026-01-01 01:00:01
14259,1270,WC286WZ,1,2026-01-01 01:00:01
14260,1270,LT093NR,2,2026-01-01 01:00:01
14261,1270,RG325IR,2,2026-01-02 01:00:01
14262,1270,BE869LW,2,2026-01-02 01:00:01
14263,1270,VM885FA,2,2026-01-02 01:00:01
14264,1271,PY770OA,1,2026-04-01 01:00:01
14265,1271,AI370DV,1,2026-04-01 01:00:01
14266,1271,BG036IN,1,2026-04-01 01:00:01
14267,1271,XP706SE,1,2026-04-01 01:00:01
14268,1271,NW361CC,2,2026-04-02 01:00:01
14269,1272,EF633PJ,1,2026-07-01 01:00:01
14270,1272,AH829YF,1,2026-07-01 01:00:01
14271,1272,OG670LB,1,2026-07-01 01:00:01
14272,1272,YM464MZ,1,2026-07-01 01:00:01
14273,1272,FV521MT,1,2026-07-02 01:00:01
14274,1272,XG824EY,1,2026-07-02 01:00:01
14275,1272,HA755LV,1,2026-07-02 01:00:01
14276,1273,HH842SU,1,2026-10-01 01:00:01
14277,1273,DK115MR,1,2026-10-01 01:00:01
14278,1273,CD150QM,1,2026-10-01 01:00:01
14279,1273,XT416KG,1,2026-10-01 01:00:01
14280,1273,IV493ON,1,2026-10-02 01:00:01
14281,1273,LQ390YE,1,2026-10-02 01:00:01
14282,1273,TG022AL,1,2026-10-02 01:00:01
14283,1273,RS724BB,1,2026-10-02 01:00:01
14284,1273,IZ327JE,1,2026-10-05 01:00:01
14285,1274,IZ656LK,1,2026-01-01 01:00:01
14286,1274,KG566TU,1,2026-01-01 01:00:01
14287,1274,UL168JW,1,2026-01-01 01:00:01
14288,1274,OW202IF,1,2026-01-01 01:00:01
14289,1274,JX478BP,1,2026-01-02 01:00:01
14290,1274,FC301VU,1,2026-01-02 01:00:01
14291,1274,QX726LR,2,2026-01-02 01:00:01
14292,1274,BF423FW,2,2026-01-02 01:00:01
14293,1274,OQ854VO,2,2026-01-05 01:00:01
14294,1274,SI262TF,2,2026-01-05 01:00:01
14295,1274,FR330IX,2,2026-01-05 01:00:01
14296,1275,OO193CB,1,2026-04-01 01:00:01
14297,1275,PN478TT,1,2026-04-01 01:00:01
14298,1275,IX990BO,1,2026-04-01 01:00:01
14299,1275,WS823FW,1,2026-04-01 01:00:01
14300,1275,GQ322BM,1,2026-04-02 01:00:01
14301,1275,IF781YW,1,2026-04-02 01:00:01
14302,1275,NM360KR,1,2026-04-02 01:00:01
14303,1275,LP972RD,1,2026-04-02 01:00:01
14304,1275,VO533VT,1,2026-04-03 01:00:01
14305,1275,MK892SG,2,2026-04-03 01:00:01
14306,1275,QE368NL,2,2026-04-03 01:00:01
14307,1276,KU647GF,1,2026-07-01 01:00:01
14308,1276,OW464ZQ,1,2026-07-01 01:00:01
14309,1276,EI467MQ,1,2026-07-01 01:00:01
14310,1276,BV332NL,1,2026-07-01 01:00:01
14311,1276,BV773WK,1,2026-07-02 01:00:01
14312,1276,YH872FN,2,2026-07-02 01:00:01
14313,1276,VH102UV,2,2026-07-02 01:00:01
14314,1276,GV988NF,2,2026-07-02 01:00:01
14315,1276,GN849ON,2,2026-07-03 01:00:01
14316,1276,GS462QI,2,2026-07-03 01:00:01
14317,1276,WX545KY,2,2026-07-03 01:00:01
14318,1277,FM475FB,1,2026-10-01 01:00:01
14319,1277,WQ513SE,1,2026-10-01 01:00:01
14320,1277,RN158EY,1,2026-10-01 01:00:01
14321,1277,RC266XB,1,2026-10-01 01:00:01
14322,1277,KR905LN,1,2026-10-02 01:00:01
14323,1277,DW472EP,1,2026-10-02 01:00:01
14324,1277,LE516UL,2,2026-10-02 01:00:01
14325,1277,WJ742XO,2,2026-10-02 01:00:01
14326,1277,SB827ZJ,2,2026-10-05 01:00:01
14327,1277,OJ264MJ,2,2026-10-05 01:00:01
14328,1277,ZQ121XD,2,2026-10-05 01:00:01
14329,1278,NK678XV,1,2026-01-01 01:00:01
14330,1278,CS524RF,2,2026-01-01 01:00:01
14331,1278,PY516BS,2,2026-01-01 01:00:01
14332,1278,HO539BM,2,2026-01-01 01:00:01
14333,1278,YB566MF,2,2026-01-02 01:00:01
14334,1278,JB287BR,2,2026-01-02 01:00:01
14335,1278,WL373HO,2,2026-01-02 01:00:01
14336,1278,CH264UI,2,2026-01-02 01:00:01
14337,1279,JC119DD,1,2026-05-01 01:00:01
14338,1279,NV576EG,1,2026-05-01 01:00:01
14339,1279,YX032BC,1,2026-05-01 01:00:01
14340,1279,EZ985NX,1,2026-05-01 01:00:01
14341,1279,LQ632VZ,1,2026-05-04 01:00:01
14342,1279,UE242ZU,1,2026-05-04 01:00:01
14343,1279,ZO188BC,2,2026-05-04 01:00:01
14344,1280,BT723TM,1,2026-09-01 01:00:01
14345,1280,BG441TB,1,2026-09-01 01:00:01
14346,1280,MK461OT,1,2026-09-01 01:00:01
14347,1280,SL252UY,1,2026-09-01 01:00:01
14348,1280,FL270NF,1,2026-09-02 01:00:01
14349,1280,GS313YA,1,2026-09-02 01:00:01
14350,1280,VO374XE,1,2026-09-02 01:00:01
14351,1280,BW682SK,1,2026-09-02 01:00:01
14352,1280,QC943OG,1,2026-09-03 01:00:01
14353,1281,WC161ZL,1,2026-01-01 01:00:01
14354,1281,PD856IG,1,2026-01-01 01:00:01
14355,1281,IH547UF,2,2026-01-01 01:00:01
14356,1281,VC262MU,2,2026-01-01 01:00:01
14357,1281,BF331KL,2,2026-01-02 01:00:01
14358,1281,BK248CV,2,2026-01-02 01:00:01
14359,1281,XX031EX,2,2026-01-02 01:00:01
14360,1282,VX274MD,1,2026-04-01 01:00:01
14361,1282,BC535TL,1,2026-04-01 01:00:01
14362,1282,BL046VS,1,2026-04-01 01:00:01
14363,1282,QP429UP,1,2026-04-01 01:00:01
14364,1282,YY848MG,1,2026-04-02 01:00:01
14365,1282,TS791MW,2,2026-04-02 01:00:01
14366,1282,CC470SE,2,2026-04-02 01:00:01
14367,1283,DS573EO,1,2026-07-01 01:00:01
14368,1283,OV953GS,1,2026-07-01 01:00:01
14369,1283,OD775SL,1,2026-07-01 01:00:01
14370,1283,EC931VS,1,2026-07-01 01:00:01
14371,1283,BJ501AI,1,2026-07-02 01:00:01
14372,1283,KB336XK,1,2026-07-02 01:00:01
14373,1283,JI573OU,1,2026-07-02 01:00:01
14374,1284,NH034FV,1,2026-10-01 01:00:01
14375,1284,VU732CF,1,2026-10-01 01:00:01
14376,1284,KS550DM,1,2026-10-01 01:00:01
14377,1284,OG621VG,1,2026-10-01 01:00:01
14378,1284,RJ627CF,2,2026-10-02 01:00:01
14379,1284,DJ263NH,2,2026-10-02 01:00:01
14380,1284,LQ837VT,2,2026-10-02 01:00:01
14381,1285,XS986CF,1,2026-01-01 01:00:01
14382,1285,QC778KY,2,2026-01-01 01:00:01
14383,1285,YM388XE,2,2026-01-01 01:00:01
14384,1285,HC154WG,2,2026-01-01 01:00:01
14385,1285,XI514XB,2,2026-01-02 01:00:01
14386,1285,JC259JW,2,2026-01-02 01:00:01
14387,1285,NG807LI,2,2026-01-02 01:00:01
14388,1285,NW554US,2,2026-01-02 01:00:01
14389,1286,RI102BG,1,2026-05-01 01:00:01
14390,1286,WS215QO,1,2026-05-01 01:00:01
14391,1286,SA022TO,1,2026-05-01 01:00:01
14392,1286,VO395AM,1,2026-05-01 01:00:01
14393,1286,JB403EH,1,2026-05-04 01:00:01
14394,1286,IX122KD,1,2026-05-04 01:00:01
14395,1286,TQ796TC,1,2026-05-04 01:00:01
14396,1286,AD763YD,1,2026-05-04 01:00:01
14397,1286,EM248WN,2,2026-05-05 01:00:01
14398,1287,EV206KS,1,2026-09-01 01:00:01
14399,1287,CT654WV,1,2026-09-01 01:00:01
14400,1287,OW256KD,1,2026-09-01 01:00:01
14401,1287,GC432RV,1,2026-09-01 01:00:01
13514,1175,OD748DL,1,2026-01-01 01:00:01
13515,1175,QJ788FH,1,2026-01-01 01:00:01
13516,1175,LH450TD,2,2026-01-01 01:00:01
13517,1175,NW768YU,2,2026-01-01 01:00:01
13518,1175,ZE453BW,2,2026-01-02 01:00:01
13519,1176,DG157OW,1,2026-07-01 01:00:01
13520,1176,NK870JW,1,2026-07-01 01:00:01
13521,1176,DY226EW,1,2026-07-01 01:00:01
13522,1176,GT243IK,1,2026-07-01 01:00:01
13523,1176,YP287YQ,1,2026-07-02 01:00:01
13524,1176,WB147DC,1,2026-07-02 01:00:01
13525,1176,NQ118UI,1,2026-07-02 01:00:01
13526,1176,JQ206HM,1,2026-07-02 01:00:01
13527,1176,PY576EY,1,2026-07-03 01:00:01
13557,1181,QB016MP,1,2026-01-01 01:00:01
13558,1181,AR412XB,2,2026-01-01 01:00:01
13559,1181,ME131CD,2,2026-01-01 01:00:01
13560,1181,TM132SS,2,2026-01-01 01:00:01
13561,1181,MX984HL,2,2026-01-02 01:00:01
13562,1181,OH226SG,2,2026-01-02 01:00:01
13563,1181,UF945RO,2,2026-01-02 01:00:01
13564,1182,AI119RE,1,2026-04-01 01:00:01
13565,1182,FT694PF,1,2026-04-01 01:00:01
13566,1182,JG455SU,1,2026-04-01 01:00:01
13567,1182,JW824GG,1,2026-04-01 01:00:01
13568,1183,KN847VS,1,2026-07-01 01:00:01
13569,1183,IQ268TB,1,2026-07-01 01:00:01
13570,1183,MT711UY,1,2026-07-01 01:00:01
13571,1183,RS921PE,1,2026-07-01 01:00:01
13572,1183,ZS515FN,1,2026-07-02 01:00:01
13573,1183,VA459RG,1,2026-07-02 01:00:01
13574,1183,CK230OK,1,2026-07-02 01:00:01
13575,1183,AS777YY,1,2026-07-02 01:00:01
13576,1183,DO682FG,1,2026-07-03 01:00:01
13577,1183,NS706NG,1,2026-07-03 01:00:01
13578,1183,TU877EV,1,2026-07-03 01:00:01
13579,1183,WX765AE,1,2026-07-03 01:00:01
13580,1183,HF411LJ,1,2026-07-06 01:00:01
13581,1184,ZY557LF,1,2026-10-01 01:00:01
13582,1184,FB524MK,1,2026-10-01 01:00:01
13583,1184,VL232MP,1,2026-10-01 01:00:01
13584,1184,PW156VH,1,2026-10-01 01:00:01
13585,1184,GJ743XT,1,2026-10-02 01:00:01
13586,1185,FG215ID,1,2026-01-01 01:00:01
13587,1185,GV783JI,1,2026-01-01 01:00:01
13588,1185,FX035FP,1,2026-01-01 01:00:01
13589,1185,CO789EG,2,2026-01-01 01:00:01
13590,1185,BT931KD,2,2026-01-02 01:00:01
13591,1185,LT753UD,2,2026-01-02 01:00:01
13592,1185,KS437PP,2,2026-01-02 01:00:01
13593,1185,LA153TH,2,2026-01-02 01:00:01
13594,1186,VN632DK,1,2026-05-01 01:00:01
13595,1186,QM174RT,1,2026-05-01 01:00:01
13596,1186,IR476XM,1,2026-05-01 01:00:01
13597,1186,WG106IJ,1,2026-05-01 01:00:01
13598,1186,YK286TH,2,2026-05-04 01:00:01
13599,1186,TN288EK,2,2026-05-04 01:00:01
13600,1187,HV309KC,1,2026-09-01 01:00:01
13601,1187,NY854LI,1,2026-09-01 01:00:01
13602,1187,DP080SV,1,2026-09-01 01:00:01
13603,1187,PL378RM,1,2026-09-01 01:00:01
13604,1187,DQ507PZ,1,2026-09-02 01:00:01
13605,1187,JR481DX,1,2026-09-02 01:00:01
13606,1187,SR584SS,1,2026-09-02 01:00:01
13607,1187,UE089OU,1,2026-09-02 01:00:01
13608,1187,GD744TR,1,2026-09-03 01:00:01
13609,1187,GH203RU,1,2026-09-03 01:00:01
13640,1192,FU637GT,1,2026-01-01 01:00:01
13641,1192,GY553LB,1,2026-01-01 01:00:01
13642,1192,SC305RN,1,2026-01-01 01:00:01
13643,1192,XK130EB,1,2026-01-01 01:00:01
13644,1192,WC766OE,2,2026-01-02 01:00:01
13645,1192,EG736WK,2,2026-01-02 01:00:01
13646,1192,JT583CF,2,2026-01-02 01:00:01
13647,1193,NV949QC,1,2026-05-01 01:00:01
13648,1193,DD180OU,1,2026-05-01 01:00:01
13649,1193,NI336XN,1,2026-05-01 01:00:01
13650,1193,JV381CT,1,2026-05-01 01:00:01
13651,1193,XS505HL,1,2026-05-04 01:00:01
13652,1193,VG888CF,1,2026-05-04 01:00:01
13653,1193,PV325EK,2,2026-05-04 01:00:01
13654,1194,CN013EK,1,2026-09-01 01:00:01
13655,1194,MQ232MW,1,2026-09-01 01:00:01
13656,1194,ZE634XC,1,2026-09-01 01:00:01
13657,1194,FM299JB,2,2026-09-01 01:00:01
13658,1194,YL764FD,2,2026-09-02 01:00:01
13659,1194,JK378YU,2,2026-09-02 01:00:01
13660,1194,YI725JY,2,2026-09-02 01:00:01
13661,1195,QK746CD,1,2026-01-01 01:00:01
13662,1195,QA574KG,1,2026-01-01 01:00:01
13663,1195,MV612EU,1,2026-01-01 01:00:01
13664,1195,UB717CQ,1,2026-01-01 01:00:01
13665,1195,XT754VE,2,2026-01-02 01:00:01
13666,1195,KT275EB,2,2026-01-02 01:00:01
13667,1195,YV887US,2,2026-01-02 01:00:01
13668,1196,TM008QV,1,2026-04-01 01:00:01
13669,1196,GJ371UX,1,2026-04-01 01:00:01
13670,1196,JB648RO,1,2026-04-01 01:00:01
13671,1196,KX651PH,1,2026-04-01 01:00:01
13672,1196,UT774PA,1,2026-04-02 01:00:01
13673,1196,MQ245OM,2,2026-04-02 01:00:01
13674,1196,DY466XC,2,2026-04-02 01:00:01
13675,1197,PS524RW,1,2026-07-01 01:00:01
13676,1197,DV988CY,1,2026-07-01 01:00:01
13677,1197,UV146ZI,1,2026-07-01 01:00:01
13678,1197,GH836FL,1,2026-07-01 01:00:01
13679,1197,SU724JQ,1,2026-07-02 01:00:01
13680,1197,VA075ET,1,2026-07-02 01:00:01
13681,1197,BN503KB,1,2026-07-02 01:00:01
13682,1198,WJ903RU,1,2026-10-01 01:00:01
13683,1198,XD786WR,1,2026-10-01 01:00:01
13684,1198,EX616FD,1,2026-10-01 01:00:01
13685,1198,NJ161KH,1,2026-10-01 01:00:01
13686,1198,KM741ZP,1,2026-10-02 01:00:01
13687,1198,DI471HC,2,2026-10-02 01:00:01
13688,1198,JS261FD,2,2026-10-02 01:00:01
13689,1199,RQ044DF,1,2026-01-01 01:00:01
13690,1199,SN787WO,1,2026-01-01 01:00:01
13691,1199,BV255WC,1,2026-01-01 01:00:01
13692,1199,KO435NN,2,2026-01-01 01:00:01
13693,1199,YP366MJ,2,2026-01-02 01:00:01
13694,1199,SJ851BS,2,2026-01-02 01:00:01
13695,1199,QS468HP,2,2026-01-02 01:00:01
13696,1199,CJ263ZE,2,2026-01-02 01:00:01
13697,1200,AT244VV,1,2026-04-01 01:00:01
13698,1200,CY622GA,1,2026-04-01 01:00:01
13699,1200,XT575LM,1,2026-04-01 01:00:01
13700,1200,MI535KX,1,2026-04-01 01:00:01
13701,1200,VQ511OG,1,2026-04-02 01:00:01
13702,1200,UH448VO,2,2026-04-02 01:00:01
13703,1200,YZ565IK,2,2026-04-02 01:00:01
13704,1200,RO599YB,2,2026-04-02 01:00:01
13705,1201,HX785WJ,1,2026-07-01 01:00:01
13706,1201,OV568OP,1,2026-07-01 01:00:01
13707,1201,PN756SK,1,2026-07-01 01:00:01
13708,1201,SC127FV,1,2026-07-01 01:00:01
13709,1201,PH210LC,1,2026-07-02 01:00:01
13710,1201,YP784UK,1,2026-07-02 01:00:01
13711,1201,NQ710IW,1,2026-07-02 01:00:01
13712,1201,LO429YN,1,2026-07-02 01:00:01
13713,1201,NM433WZ,1,2026-07-03 01:00:01
13714,1201,IG704XY,1,2026-07-03 01:00:01
13715,1201,HZ552SP,1,2026-07-03 01:00:01
13716,1202,HM336XI,1,2026-10-01 01:00:01
13717,1202,FF153BX,1,2026-10-01 01:00:01
13718,1202,QM286HT,1,2026-10-01 01:00:01
13719,1202,PW945HL,1,2026-10-01 01:00:01
13720,1202,NI213AX,1,2026-10-02 01:00:01
13721,1202,OB281BZ,1,2026-10-02 01:00:01
13722,1202,HJ884IC,2,2026-10-02 01:00:01
13723,1202,XT164OT,2,2026-10-02 01:00:01
13724,1203,OR047JA,1,2026-01-01 01:00:01
13725,1203,HN704MC,2,2026-01-01 01:00:01
13726,1203,KP786KI,2,2026-01-01 01:00:01
13727,1203,JQ618JW,2,2026-01-01 01:00:01
13728,1203,QJ522KX,2,2026-01-02 01:00:01
13729,1203,QR162TE,2,2026-01-02 01:00:01
13730,1203,SM543TT,2,2026-01-02 01:00:01
13731,1204,YL391SK,1,2026-04-01 01:00:01
13732,1204,UB356ZI,1,2026-04-01 01:00:01
13733,1204,FD583FM,1,2026-04-01 01:00:01
